"power","mu","phi","profile","logu","lambda","status","terms","log_tail_error"
1.01,0.001,0.001,"strict",-27.6310211159285,1.08234273256324,"atom",0,0
1.01,0.001,0.001,"strict",-13.8155105579643,1.08234273256324,"atom",0,0
1.01,0.001,0.001,"strict",-4.60517018598809,1.08234273256324,"atom",0,0
1.01,0.001,0.001,"strict",-2.30258509299405,1.08234273256324,"atom",0,0
1.01,0.001,0.001,"strict",-0.693147180559945,1.08234273256324,"mixture",15,3.5527136788005e-15
1.01,0.001,0.001,"strict",-0.105360515657826,1.08234273256324,"mixture",15,1.96731519963578e-13
1.01,0.001,0.001,"strict",-0.0100503358535015,1.08234273256324,"mixture",15,1.86517468137026e-14
1.01,0.001,0.001,"strict",-1.00000050002909e-06,1.08234273256324,"mixture",17,1.4210854715202e-14
1.01,0.001,0.001,"strict",-1e-12,1.08234273256324,"mixture",22,1.51700874084781e-12
1.01,0.001,0.001,"strict",-1e-30,1.08234273256324,"mixture",34,3.92361698686727e-11
1.01,0.001,0.001,"strict",-1.08234272256324,1.08234273256324,"mixture",19,3.5527136788005e-15
1.01,0.001,0.001,"diagnostic",-27.6310211159285,1.08234273256324,"atom",0,0
1.01,0.001,0.001,"diagnostic",-13.8155105579643,1.08234273256324,"atom",0,0
1.01,0.001,0.001,"diagnostic",-4.60517018598809,1.08234273256324,"atom",0,0
1.01,0.001,0.001,"diagnostic",-2.30258509299405,1.08234273256324,"atom",0,0
1.01,0.001,0.001,"diagnostic",-0.693147180559945,1.08234273256324,"mixture",10,2.4105633489313e-08
1.01,0.001,0.001,"diagnostic",-0.105360515657826,1.08234273256324,"mixture",10,8.75762085073006e-09
1.01,0.001,0.001,"diagnostic",-0.0100503358535015,1.08234273256324,"mixture",11,3.08883514321678e-08
1.01,0.001,0.001,"diagnostic",-1.00000050002909e-06,1.08234273256324,"mixture",15,1.47323622279316e-06
1.01,0.001,0.001,"diagnostic",-1e-12,1.08234273256324,"mixture",20,4.9142823144166e-07
1.01,0.001,0.001,"diagnostic",-1e-30,1.08234273256324,"mixture",32,5.59445965109262e-08
1.01,0.001,0.001,"diagnostic",-1.08234272256324,1.08234273256324,"mixture",17,2.46030364081662e-07
1.01,0.001,0.001,"loose",-27.6310211159285,1.08234273256324,"atom",0,0
1.01,0.001,0.001,"loose",-13.8155105579643,1.08234273256324,"atom",0,0
1.01,0.001,0.001,"loose",-4.60517018598809,1.08234273256324,"atom",0,0
1.01,0.001,0.001,"loose",-2.30258509299405,1.08234273256324,"atom",0,0
1.01,0.001,0.001,"loose",-0.693147180559945,1.08234273256324,"mixture",8,3.49851259007217e-05
1.01,0.001,0.001,"loose",-0.105360515657826,1.08234273256324,"mixture",8,2.22126981608284e-06
1.01,0.001,0.001,"loose",-0.0100503358535015,1.08234273256324,"mixture",9,3.45055599204613e-06
1.01,0.001,0.001,"loose",-1.00000050002909e-06,1.08234273256324,"mixture",13,1.37388131236094e-05
1.01,0.001,0.001,"loose",-1e-12,1.08234273256324,"mixture",18,0.000123320459543663
1.01,0.001,0.001,"loose",-1e-30,1.08234273256324,"mixture",31,2.4735573020962e-06
1.01,0.001,0.001,"loose",-1.08234272256324,1.08234273256324,"mixture",15,0.000540491109003227
1.1,0.001,0.001,"strict",-27.6310211159285,2.2169581277432,"atom",0,0
1.1,0.001,0.001,"strict",-13.8155105579643,2.2169581277432,"atom",0,0
1.1,0.001,0.001,"strict",-4.60517018598809,2.2169581277432,"atom",0,0
1.1,0.001,0.001,"strict",-2.30258509299405,2.2169581277432,"atom",0,0
1.1,0.001,0.001,"strict",-0.693147180559945,2.2169581277432,"mixture",19,1.11022302462516e-16
1.1,0.001,0.001,"strict",-0.105360515657826,2.2169581277432,"mixture",19,8.248690619439e-11
1.1,0.001,0.001,"strict",-0.0100503358535015,2.2169581277432,"mixture",19,3.2500224733667e-11
1.1,0.001,0.001,"strict",-1.00000050002909e-06,2.2169581277432,"mixture",22,1.117204107004e-10
1.1,0.001,0.001,"strict",-1e-12,2.2169581277432,"mixture",28,9.2370555648813e-14
1.1,0.001,0.001,"strict",-1e-30,2.2169581277432,"mixture",43,2.8421709430404e-14
1.1,0.001,0.001,"strict",-2.2169581177432,2.2169581277432,"mixture",25,9.29887278289243e-11
1.1,0.001,0.001,"diagnostic",-27.6310211159285,2.2169581277432,"atom",0,0
1.1,0.001,0.001,"diagnostic",-13.8155105579643,2.2169581277432,"atom",0,0
1.1,0.001,0.001,"diagnostic",-4.60517018598809,2.2169581277432,"atom",0,0
1.1,0.001,0.001,"diagnostic",-2.30258509299405,2.2169581277432,"atom",0,0
1.1,0.001,0.001,"diagnostic",-0.693147180559945,2.2169581277432,"mixture",14,1.45414646990361e-09
1.1,0.001,0.001,"diagnostic",-0.105360515657826,2.2169581277432,"mixture",14,3.54147955405892e-07
1.1,0.001,0.001,"diagnostic",-0.0100503358535015,2.2169581277432,"mixture",15,1.11656656809345e-06
1.1,0.001,0.001,"diagnostic",-1.00000050002909e-06,2.2169581277432,"mixture",19,3.88768080483715e-06
1.1,0.001,0.001,"diagnostic",-1e-12,2.2169581277432,"mixture",25,2.28865981100057e-06
1.1,0.001,0.001,"diagnostic",-1e-30,2.2169581277432,"mixture",40,2.0498603703345e-08
1.1,0.001,0.001,"diagnostic",-2.2169581177432,2.2169581277432,"mixture",22,3.33912453243101e-10
1.1,0.001,0.001,"loose",-27.6310211159285,2.2169581277432,"atom",0,0
1.1,0.001,0.001,"loose",-13.8155105579643,2.2169581277432,"atom",0,0
1.1,0.001,0.001,"loose",-4.60517018598809,2.2169581277432,"atom",0,0
1.1,0.001,0.001,"loose",-2.30258509299405,2.2169581277432,"atom",0,0
1.1,0.001,0.001,"loose",-0.693147180559945,2.2169581277432,"mixture",11,7.25893509867515e-06
1.1,0.001,0.001,"loose",-0.105360515657826,2.2169581277432,"mixture",11,3.54593925333546e-07
1.1,0.001,0.001,"loose",-0.0100503358535015,2.2169581277432,"mixture",13,0.000180078794890015
1.1,0.001,0.001,"loose",-1.00000050002909e-06,2.2169581277432,"mixture",17,0.000206615424236389
1.1,0.001,0.001,"loose",-1e-12,2.2169581277432,"mixture",23,3.39648559233297e-06
1.1,0.001,0.001,"loose",-1e-30,2.2169581277432,"mixture",39,0.000167969090242082
1.1,0.001,0.001,"loose",-2.2169581177432,2.2169581277432,"mixture",20,7.97217292713981e-06
1.5,0.001,0.001,"strict",-27.6310211159285,63.2455532033676,"mixture",149,1.4352963262354e-11
1.5,0.001,0.001,"strict",-13.8155105579643,63.2455532033676,"mixture",127,8.57980353430321e-12
1.5,0.001,0.001,"strict",-4.60517018598809,63.2455532033676,"mixture",113,4.32542890393961e-13
1.5,0.001,0.001,"strict",-2.30258509299405,63.2455532033676,"mixture",113,3.01980662698043e-14
1.5,0.001,0.001,"strict",-0.693147180559945,63.2455532033676,"mixture",113,5.27355936696949e-14
1.5,0.001,0.001,"strict",-0.105360515657826,63.2455532033676,"mixture",113,6.21724893790088e-15
1.5,0.001,0.001,"strict",-0.0100503358535015,63.2455532033676,"mixture",113,2.29150032282632e-13
1.5,0.001,0.001,"strict",-1.00000050002909e-06,63.2455532033676,"mixture",127,3.93898247352809e-10
1.5,0.001,0.001,"strict",-1e-12,63.2455532033676,"mixture",149,2.75690581474919e-12
1.5,0.001,0.001,"strict",-1e-30,63.2455532033676,"mixture",194,2.43589681758749e-09
1.5,0.001,0.001,"strict",-63.2455531933676,63.2455532033676,"mixture",205,0
1.5,0.001,0.001,"diagnostic",-27.6310211159285,63.2455532033676,"mixture",138,6.67475354987346e-07
1.5,0.001,0.001,"diagnostic",-13.8155105579643,63.2455532033676,"mixture",112,8.73079386565223e-12
1.5,0.001,0.001,"diagnostic",-4.60517018598809,63.2455532033676,"mixture",90,2.39639001975434e-08
1.5,0.001,0.001,"diagnostic",-2.30258509299405,63.2455532033676,"mixture",85,3.26302575182069e-07
1.5,0.001,0.001,"diagnostic",-0.693147180559945,63.2455532033676,"mixture",85,1.34266712192854e-08
1.5,0.001,0.001,"diagnostic",-0.105360515657826,63.2455532033676,"mixture",85,1.34272828855586e-07
1.5,0.001,0.001,"diagnostic",-0.0100503358535015,63.2455532033676,"mixture",90,1.03753565738884e-08
1.5,0.001,0.001,"diagnostic",-1.00000050002909e-06,63.2455532033676,"mixture",112,2.09821541297117e-06
1.5,0.001,0.001,"diagnostic",-1e-12,63.2455532033676,"mixture",138,9.51848946328937e-08
1.5,0.001,0.001,"diagnostic",-1e-30,63.2455532033676,"mixture",188,4.15036538470304e-09
1.5,0.001,0.001,"diagnostic",-63.2455531933676,63.2455532033676,"mixture",199,3.531681613822e-10
1.5,0.001,0.001,"loose",-27.6310211159285,63.2455532033676,"mixture",131,6.67646894214613e-07
1.5,0.001,0.001,"loose",-13.8155105579643,63.2455532033676,"mixture",103,8.82713385763623e-06
1.5,0.001,0.001,"loose",-4.60517018598809,63.2455532033676,"mixture",77,0.000154678587985124
1.5,0.001,0.001,"loose",-2.30258509299405,63.2455532033676,"mixture",71,0.000159982187687202
1.5,0.001,0.001,"loose",-0.693147180559945,63.2455532033676,"mixture",71,8.85148065921104e-06
1.5,0.001,0.001,"loose",-0.105360515657826,63.2455532033676,"mixture",71,0.000146778681459292
1.5,0.001,0.001,"loose",-0.0100503358535015,63.2455532033676,"mixture",77,0.000300591753776835
1.5,0.001,0.001,"loose",-1.00000050002909e-06,63.2455532033676,"mixture",103,2.0683665944432e-06
1.5,0.001,0.001,"loose",-1e-12,63.2455532033676,"mixture",131,3.01980662698043e-13
1.5,0.001,0.001,"loose",-1e-30,63.2455532033676,"mixture",183,0.000717259910999246
1.5,0.001,0.001,"loose",-63.2455531933676,63.2455532033676,"mixture",195,3.531681613822e-10
1.9,0.001,0.001,"strict",-27.6310211159285,5011.87233627272,"mixture",1353,4.9737991503207e-14
1.9,0.001,0.001,"strict",-13.8155105579643,5011.87233627272,"mixture",1134,2.06057393370429e-13
1.9,0.001,0.001,"strict",-4.60517018598809,5011.87233627272,"mixture",1011,2.04281036531029e-14
1.9,0.001,0.001,"strict",-2.30258509299405,5011.87233627272,"mixture",1011,2.71227929005136e-10
1.9,0.001,0.001,"strict",-0.693147180559945,5011.87233627272,"mixture",1011,9.60820312201349e-12
1.9,0.001,0.001,"strict",-0.105360515657826,5011.87233627272,"mixture",1011,1.68753899743024e-14
1.9,0.001,0.001,"strict",-0.0100503358535015,5011.87233627272,"mixture",1011,7.7893247407701e-13
1.9,0.001,0.001,"strict",-1.00000050002909e-06,5011.87233627272,"mixture",1134,2.66005883986509e-09
1.9,0.001,0.001,"strict",-1e-12,5011.87233627272,"mixture",1353,3.12638803734444e-13
1.9,0.001,0.001,"strict",-1e-30,5011.87233627272,"mixture",1865,4.2632564145606e-14
1.9,0.001,0.001,"strict",-5011.87233626272,5011.87233627272,"Poisson summation exceeds work limit",0,NA
1.9,0.001,0.001,"diagnostic",-27.6310211159285,5011.87233627272,"mixture",1248,7.63651542001753e-09
1.9,0.001,0.001,"diagnostic",-13.8155105579643,5011.87233627272,"mixture",1006,2.23665779586213e-06
1.9,0.001,0.001,"diagnostic",-4.60517018598809,5011.87233627272,"mixture",807,1.14706359966021e-07
1.9,0.001,0.001,"diagnostic",-2.30258509299405,5011.87233627272,"mixture",756,3.68417131069165e-06
1.9,0.001,0.001,"diagnostic",-0.693147180559945,5011.87233627272,"mixture",756,6.74174832626662e-08
1.9,0.001,0.001,"diagnostic",-0.105360515657826,5011.87233627272,"mixture",756,4.83018272756652e-06
1.9,0.001,0.001,"diagnostic",-0.0100503358535015,5011.87233627272,"mixture",807,2.56270536880265e-06
1.9,0.001,0.001,"diagnostic",-1.00000050002909e-06,5011.87233627272,"mixture",1006,2.66662603110035e-09
1.9,0.001,0.001,"diagnostic",-1e-12,5011.87233627272,"mixture",1248,3.99435991482733e-06
1.9,0.001,0.001,"diagnostic",-1e-30,5011.87233627272,"mixture",1790,1.27069128552648e-07
1.9,0.001,0.001,"diagnostic",-5011.87233626272,5011.87233627272,"Poisson summation exceeds work limit",0,NA
1.9,0.001,0.001,"loose",-27.6310211159285,5011.87233627272,"mixture",1173,0.000635463694766969
1.9,0.001,0.001,"loose",-13.8155105579643,5011.87233627272,"mixture",912,5.32907051820075e-15
1.9,0.001,0.001,"loose",-4.60517018598809,5011.87233627272,"mixture",688,0.00018750371387366
1.9,0.001,0.001,"loose",-2.30258509299405,5011.87233627272,"mixture",627,0.000573829914268575
1.9,0.001,0.001,"loose",-0.693147180559945,5011.87233627272,"mixture",627,0.000292497103515532
1.9,0.001,0.001,"loose",-0.105360515657826,5011.87233627272,"mixture",627,0.000592512423095215
1.9,0.001,0.001,"loose",-0.0100503358535015,5011.87233627272,"mixture",688,4.35207425653061e-14
1.9,0.001,0.001,"loose",-1.00000050002909e-06,5011.87233627272,"mixture",912,0.000263308659906869
1.9,0.001,0.001,"loose",-1e-12,5011.87233627272,"mixture",1173,1.06581410364015e-14
1.9,0.001,0.001,"loose",-1e-30,5011.87233627272,"mixture",1738,0.000578701815356908
1.9,0.001,0.001,"loose",-5011.87233626272,5011.87233627272,"Poisson summation exceeds work limit",0,NA
1.99,0.001,0.001,"strict",-27.6310211159285,93325.430079699,"mixture",5838,1.35003119794419e-13
1.99,0.001,0.001,"strict",-13.8155105579643,93325.430079699,"mixture",4889,2.1316282072803e-14
1.99,0.001,0.001,"strict",-4.60517018598809,93325.430079699,"mixture",4358,5.98365801351974e-12
1.99,0.001,0.001,"strict",-2.30258509299405,93325.430079699,"mixture",4358,1.11022302462516e-14
1.99,0.001,0.001,"strict",-0.693147180559945,93325.430079699,"mixture",4358,4.27976543093678e-11
1.99,0.001,0.001,"strict",-0.105360515657826,93325.430079699,"mixture",4358,2.39808173319034e-14
1.99,0.001,0.001,"strict",-0.0100503358535015,93325.430079699,"mixture",4358,6.48370246381091e-14
1.99,0.001,0.001,"strict",-1.00000050002909e-06,93325.430079699,"mixture",4889,1.03028696685215e-13
1.99,0.001,0.001,"strict",-1e-12,93325.430079699,"mixture",5838,1.91804971905185e-09
1.99,0.001,0.001,"strict",-1e-30,93325.430079699,"mixture",8049,1.94688709598267e-12
1.99,0.001,0.001,"strict",-93325.430079689,93325.430079699,"Poisson summation exceeds work limit",0,NA
1.99,0.001,0.001,"diagnostic",-27.6310211159285,93325.430079699,"mixture",5384,3.30769044865065e-06
1.99,0.001,0.001,"diagnostic",-13.8155105579643,93325.430079699,"mixture",4339,1.82114139413159e-06
1.99,0.001,0.001,"diagnostic",-4.60517018598809,93325.430079699,"mixture",3479,7.05498039010877e-06
1.99,0.001,0.001,"diagnostic",-2.30258509299405,93325.430079699,"mixture",3255,2.35898203193585e-08
1.99,0.001,0.001,"diagnostic",-0.693147180559945,93325.430079699,"mixture",3255,1.79746162953798e-07
1.99,0.001,0.001,"diagnostic",-0.105360515657826,93325.430079699,"mixture",3255,1.25931062022744e-07
1.99,0.001,0.001,"diagnostic",-0.0100503358535015,93325.430079699,"mixture",3479,5.49249534742557e-12
1.99,0.001,0.001,"diagnostic",-1.00000050002909e-06,93325.430079699,"mixture",4339,3.39597384879653e-07
1.99,0.001,0.001,"diagnostic",-1e-12,93325.430079699,"mixture",5384,1.91804971905185e-09
1.99,0.001,0.001,"diagnostic",-1e-30,93325.430079699,"mixture",7725,7.24600695889421e-07
1.99,0.001,0.001,"diagnostic",-93325.430079689,93325.430079699,"Poisson summation exceeds work limit",0,NA
1.99,0.001,0.001,"loose",-27.6310211159285,93325.430079699,"mixture",5059,1.4210854715202e-14
1.99,0.001,0.001,"loose",-13.8155105579643,93325.430079699,"mixture",3931,6.984266039467e-05
1.99,0.001,0.001,"loose",-4.60517018598809,93325.430079699,"mixture",2963,5.32907051820075e-15
1.99,0.001,0.001,"loose",-2.30258509299405,93325.430079699,"mixture",2700,5.34893305021988e-05
1.99,0.001,0.001,"loose",-0.693147180559945,93325.430079699,"mixture",2700,0.000246733146243794
1.99,0.001,0.001,"loose",-0.105360515657826,93325.430079699,"mixture",2700,0.000144405047008078
1.99,0.001,0.001,"loose",-0.0100503358535015,93325.430079699,"mixture",2963,5.24025267623074e-14
1.99,0.001,0.001,"loose",-1.00000050002909e-06,93325.430079699,"mixture",3931,0.000548283101039715
1.99,0.001,0.001,"loose",-1e-12,93325.430079699,"mixture",5059,0.000318672205182224
1.99,0.001,0.001,"loose",-1e-30,93325.430079699,"mixture",7500,0.000602306860116641
1.99,0.001,0.001,"loose",-93325.430079689,93325.430079699,"Poisson summation exceeds work limit",0,NA
1.9999,0.001,0.001,"strict",-27.6310211159285,9993094.630027,"Poisson summation exceeds work limit",0,NA
1.9999,0.001,0.001,"strict",-13.8155105579643,9993094.630027,"Poisson summation exceeds work limit",0,NA
1.9999,0.001,0.001,"strict",-4.60517018598809,9993094.630027,"Poisson summation exceeds work limit",0,NA
1.9999,0.001,0.001,"strict",-2.30258509299405,9993094.630027,"Poisson summation exceeds work limit",0,NA
1.9999,0.001,0.001,"strict",-0.693147180559945,9993094.630027,"Poisson summation exceeds work limit",0,NA
1.9999,0.001,0.001,"strict",-0.105360515657826,9993094.630027,"Poisson summation exceeds work limit",0,NA
1.9999,0.001,0.001,"strict",-0.0100503358535015,9993094.630027,"Poisson summation exceeds work limit",0,NA
1.9999,0.001,0.001,"strict",-1.00000050002909e-06,9993094.630027,"Poisson summation exceeds work limit",0,NA
1.9999,0.001,0.001,"strict",-1e-12,9993094.630027,"Poisson summation exceeds work limit",0,NA
1.9999,0.001,0.001,"strict",-1e-30,9993094.630027,"Poisson summation exceeds work limit",0,NA
1.9999,0.001,0.001,"strict",-9993094.63002699,9993094.630027,"Poisson summation exceeds work limit",0,NA
1.9999,0.001,0.001,"diagnostic",-27.6310211159285,9993094.630027,"Poisson summation exceeds work limit",0,NA
1.9999,0.001,0.001,"diagnostic",-13.8155105579643,9993094.630027,"Poisson summation exceeds work limit",0,NA
1.9999,0.001,0.001,"diagnostic",-4.60517018598809,9993094.630027,"Poisson summation exceeds work limit",0,NA
1.9999,0.001,0.001,"diagnostic",-2.30258509299405,9993094.630027,"Poisson summation exceeds work limit",0,NA
1.9999,0.001,0.001,"diagnostic",-0.693147180559945,9993094.630027,"Poisson summation exceeds work limit",0,NA
1.9999,0.001,0.001,"diagnostic",-0.105360515657826,9993094.630027,"Poisson summation exceeds work limit",0,NA
1.9999,0.001,0.001,"diagnostic",-0.0100503358535015,9993094.630027,"Poisson summation exceeds work limit",0,NA
1.9999,0.001,0.001,"diagnostic",-1.00000050002909e-06,9993094.630027,"Poisson summation exceeds work limit",0,NA
1.9999,0.001,0.001,"diagnostic",-1e-12,9993094.630027,"Poisson summation exceeds work limit",0,NA
1.9999,0.001,0.001,"diagnostic",-1e-30,9993094.630027,"Poisson summation exceeds work limit",0,NA
1.9999,0.001,0.001,"diagnostic",-9993094.63002699,9993094.630027,"Poisson summation exceeds work limit",0,NA
1.9999,0.001,0.001,"loose",-27.6310211159285,9993094.630027,"Poisson summation exceeds work limit",0,NA
1.9999,0.001,0.001,"loose",-13.8155105579643,9993094.630027,"Poisson summation exceeds work limit",0,NA
1.9999,0.001,0.001,"loose",-4.60517018598809,9993094.630027,"Poisson summation exceeds work limit",0,NA
1.9999,0.001,0.001,"loose",-2.30258509299405,9993094.630027,"Poisson summation exceeds work limit",0,NA
1.9999,0.001,0.001,"loose",-0.693147180559945,9993094.630027,"Poisson summation exceeds work limit",0,NA
1.9999,0.001,0.001,"loose",-0.105360515657826,9993094.630027,"Poisson summation exceeds work limit",0,NA
1.9999,0.001,0.001,"loose",-0.0100503358535015,9993094.630027,"Poisson summation exceeds work limit",0,NA
1.9999,0.001,0.001,"loose",-1.00000050002909e-06,9993094.630027,"Poisson summation exceeds work limit",0,NA
1.9999,0.001,0.001,"loose",-1e-12,9993094.630027,"Poisson summation exceeds work limit",0,NA
1.9999,0.001,0.001,"loose",-1e-30,9993094.630027,"Poisson summation exceeds work limit",0,NA
1.9999,0.001,0.001,"loose",-9993094.63002699,9993094.630027,"Poisson summation exceeds work limit",0,NA
1.01,1,0.001,"strict",-27.6310211159285,1010.10101010101,"mixture",607,2.55795384873636e-13
1.01,1,0.001,"strict",-13.8155105579643,1010.10101010101,"mixture",509,5.6843418860808e-14
1.01,1,0.001,"strict",-4.60517018598809,1010.10101010101,"mixture",454,5.16368281466839e-10
1.01,1,0.001,"strict",-2.30258509299405,1010.10101010101,"mixture",454,5.06261699229071e-14
1.01,1,0.001,"strict",-0.693147180559945,1010.10101010101,"mixture",454,9.53093159949958e-12
1.01,1,0.001,"strict",-0.105360515657826,1010.10101010101,"mixture",454,6.49258424800792e-13
1.01,1,0.001,"strict",-0.0100503358535015,1010.10101010101,"mixture",454,7.01660951563099e-14
1.01,1,0.001,"strict",-1.00000050002909e-06,1010.10101010101,"mixture",509,1.24344978758018e-13
1.01,1,0.001,"strict",-1e-12,1010.10101010101,"mixture",607,1.81188397618826e-13
1.01,1,0.001,"strict",-1e-30,1010.10101010101,"mixture",837,6.82788936501311e-10
1.01,1,0.001,"strict",-1010.10101009101,1010.10101010101,"mixture",2780,1.16301634989213e-09
1.01,1,0.001,"diagnostic",-27.6310211159285,1010.10101010101,"mixture",561,7.44293515708705e-12
1.01,1,0.001,"diagnostic",-13.8155105579643,1010.10101010101,"mixture",452,8.9964982894486e-06
1.01,1,0.001,"diagnostic",-4.60517018598809,1010.10101010101,"mixture",363,5.15827265346047e-08
1.01,1,0.001,"diagnostic",-2.30258509299405,1010.10101010101,"mixture",340,3.19992382813439e-07
1.01,1,0.001,"diagnostic",-0.693147180559945,1010.10101010101,"mixture",340,9.7607162019564e-08
1.01,1,0.001,"diagnostic",-0.105360515657826,1010.10101010101,"mixture",340,1.93921246882667e-06
1.01,1,0.001,"diagnostic",-0.0100503358535015,1010.10101010101,"mixture",363,8.10963087172212e-06
1.01,1,0.001,"diagnostic",-1.00000050002909e-06,1010.10101010101,"mixture",452,8.30659985240345e-10
1.01,1,0.001,"diagnostic",-1e-12,1010.10101010101,"mixture",561,9.19165508150854e-08
1.01,1,0.001,"diagnostic",-1e-30,1010.10101010101,"mixture",803,4.86255586906736e-07
1.01,1,0.001,"diagnostic",-1010.10101009101,1010.10101010101,"mixture",2773,1.96423866327677e-06
1.01,1,0.001,"loose",-27.6310211159285,1010.10101010101,"mixture",526,2.5291943085648e-05
1.01,1,0.001,"loose",-13.8155105579643,1010.10101010101,"mixture",409,4.32484779313569e-05
1.01,1,0.001,"loose",-4.60517018598809,1010.10101010101,"mixture",309,0.000839057372264307
1.01,1,0.001,"loose",-2.30258509299405,1010.10101010101,"mixture",282,0.000275576786090248
1.01,1,0.001,"loose",-0.693147180559945,1010.10101010101,"mixture",282,0.000453412463574554
1.01,1,0.001,"loose",-0.105360515657826,1010.10101010101,"mixture",282,0.000802239901257273
1.01,1,0.001,"loose",-0.0100503358535015,1010.10101010101,"mixture",309,3.3917530436689e-05
1.01,1,0.001,"loose",-1.00000050002909e-06,1010.10101010101,"mixture",409,1.4210854715202e-14
1.01,1,0.001,"loose",-1e-12,1010.10101010101,"mixture",526,9.03099817151087e-12
1.01,1,0.001,"loose",-1e-30,1010.10101010101,"mixture",779,7.105427357601e-14
1.01,1,0.001,"loose",-1010.10101009101,1010.10101010101,"mixture",2769,2.48868261678581e-05
1.1,1,0.001,"strict",-27.6310211159285,1111.11111111111,"mixture",637,4.28066471158672e-11
1.1,1,0.001,"strict",-13.8155105579643,1111.11111111111,"mixture",534,3.19744231092045e-14
1.1,1,0.001,"strict",-4.60517018598809,1111.11111111111,"mixture",476,1.07122311021612e-10
1.1,1,0.001,"strict",-2.30258509299405,1111.11111111111,"mixture",476,5.86197757002083e-14
1.1,1,0.001,"strict",-0.693147180559945,1111.11111111111,"mixture",476,1.00887076470713e-11
1.1,1,0.001,"strict",-0.105360515657826,1111.11111111111,"mixture",476,1.50990331349021e-13
1.1,1,0.001,"strict",-0.0100503358535015,1111.11111111111,"mixture",476,9.14823772291129e-14
1.1,1,0.001,"strict",-1.00000050002909e-06,1111.11111111111,"mixture",534,1.02229336107484e-11
1.1,1,0.001,"strict",-1e-12,1111.11111111111,"mixture",637,1.98951966012828e-13
1.1,1,0.001,"strict",-1e-30,1111.11111111111,"mixture",877,4.54747350886464e-13
1.1,1,0.001,"strict",-1111.11111110111,1111.11111111111,"mixture",3055,0
1.1,1,0.001,"diagnostic",-27.6310211159285,1111.11111111111,"mixture",587,2.5931012785918e-06
1.1,1,0.001,"diagnostic",-13.8155105579643,1111.11111111111,"mixture",474,3.30402372128447e-13
1.1,1,0.001,"diagnostic",-4.60517018598809,1111.11111111111,"mixture",380,1.35393118938509e-09
1.1,1,0.001,"diagnostic",-2.30258509299405,1111.11111111111,"mixture",356,1.29279416505312e-07
1.1,1,0.001,"diagnostic",-0.693147180559945,1111.11111111111,"mixture",356,8.64094370500723e-08
1.1,1,0.001,"diagnostic",-0.105360515657826,1111.11111111111,"mixture",356,1.11286390236387e-06
1.1,1,0.001,"diagnostic",-0.0100503358535015,1111.11111111111,"mixture",380,3.05029583813621e-08
1.1,1,0.001,"diagnostic",-1.00000050002909e-06,1111.11111111111,"mixture",474,5.14389110861657e-07
1.1,1,0.001,"diagnostic",-1e-12,1111.11111111111,"mixture",587,4.0348046326244e-07
1.1,1,0.001,"diagnostic",-1e-30,1111.11111111111,"mixture",842,1.03739239420975e-12
1.1,1,0.001,"diagnostic",-1111.11111110111,1111.11111111111,"mixture",3048,2.6677525966079e-07
1.1,1,0.001,"loose",-27.6310211159285,1111.11111111111,"mixture",552,0.000240330721510418
1.1,1,0.001,"loose",-13.8155105579643,1111.11111111111,"mixture",429,3.50995534290632e-05
1.1,1,0.001,"loose",-4.60517018598809,1111.11111111111,"mixture",324,0.000215966973988735
1.1,1,0.001,"loose",-2.30258509299405,1111.11111111111,"mixture",295,0.000192066087002729
1.1,1,0.001,"loose",-0.693147180559945,1111.11111111111,"mixture",295,0.0004292015748667
1.1,1,0.001,"loose",-0.105360515657826,1111.11111111111,"mixture",295,0.000625833368407047
1.1,1,0.001,"loose",-0.0100503358535015,1111.11111111111,"mixture",324,8.32879649816931e-05
1.1,1,0.001,"loose",-1.00000050002909e-06,1111.11111111111,"mixture",429,0.000128954210110166
1.1,1,0.001,"loose",-1e-12,1111.11111111111,"mixture",552,0.000987532136971225
1.1,1,0.001,"loose",-1e-30,1111.11111111111,"mixture",817,0.000325785971739379
1.1,1,0.001,"loose",-1111.11111110111,1111.11111111111,"mixture",3043,2.6677525966079e-07
1.5,1,0.001,"strict",-27.6310211159285,2000,"mixture",855,1.84741111297626e-13
1.5,1,0.001,"strict",-13.8155105579643,2000,"mixture",716,2.1316282072803e-14
1.5,1,0.001,"strict",-4.60517018598809,2000,"mixture",638,1.12230225113308e-11
1.5,1,0.001,"strict",-2.30258509299405,2000,"mixture",638,1.19904086659517e-14
1.5,1,0.001,"strict",-0.693147180559945,2000,"mixture",638,1.97512006749889e-11
1.5,1,0.001,"strict",-0.105360515657826,2000,"mixture",638,1.68753899743024e-14
1.5,1,0.001,"strict",-0.0100503358535015,2000,"mixture",638,3.99680288865056e-14
1.5,1,0.001,"strict",-1.00000050002909e-06,2000,"mixture",716,8.17124146124115e-14
1.5,1,0.001,"strict",-1e-12,2000,"mixture",855,6.50146603220492e-13
1.5,1,0.001,"strict",-1e-30,2000,"mixture",1178,7.20490334060742e-12
1.5,1,0.001,"strict",-1999.99999999,2000,"mixture",5471,0
1.5,1,0.001,"diagnostic",-27.6310211159285,2000,"mixture",789,3.74408609360444e-06
1.5,1,0.001,"diagnostic",-13.8155105579643,2000,"mixture",636,1.27938761806945e-08
1.5,1,0.001,"diagnostic",-4.60517018598809,2000,"mixture",510,3.37507799486048e-14
1.5,1,0.001,"diagnostic",-2.30258509299405,2000,"mixture",478,3.8837975946393e-08
1.5,1,0.001,"diagnostic",-0.693147180559945,2000,"mixture",478,1.13842023030664e-07
1.5,1,0.001,"diagnostic",-0.105360515657826,2000,"mixture",478,3.36549373258777e-07
1.5,1,0.001,"diagnostic",-0.0100503358535015,2000,"mixture",510,1.6613375564134e-08
1.5,1,0.001,"diagnostic",-1.00000050002909e-06,2000,"mixture",636,1.19221645178413e-06
1.5,1,0.001,"diagnostic",-1e-12,2000,"mixture",789,4.63521665494682e-08
1.5,1,0.001,"diagnostic",-1e-30,2000,"mixture",1130,1.5658640535321e-06
1.5,1,0.001,"diagnostic",-1999.99999999,2000,"mixture",5464,1.6485955711687e-08
1.5,1,0.001,"loose",-27.6310211159285,2000,"mixture",741,1.06581410364015e-14
1.5,1,0.001,"loose",-13.8155105579643,2000,"mixture",576,8.98339781087998e-05
1.5,1,0.001,"loose",-4.60517018598809,2000,"mixture",435,0.000203795151513475
1.5,1,0.001,"loose",-2.30258509299405,2000,"mixture",396,8.31674676677885e-05
1.5,1,0.001,"loose",-0.693147180559945,2000,"mixture",396,8.87026295715021e-06
1.5,1,0.001,"loose",-0.105360515657826,2000,"mixture",396,0.000281193631943566
1.5,1,0.001,"loose",-0.0100503358535015,2000,"mixture",435,6.00739665763683e-05
1.5,1,0.001,"loose",-1.00000050002909e-06,2000,"mixture",576,5.32907051820075e-15
1.5,1,0.001,"loose",-1e-12,2000,"mixture",741,3.06208391975815e-11
1.5,1,0.001,"loose",-1e-30,2000,"mixture",1097,0.000965585393785773
1.5,1,0.001,"loose",-1999.99999999,2000,"mixture",5459,1.6485955711687e-08
1.9,1,0.001,"strict",-27.6310211159285,9999.99999999999,"mixture",1911,4.40536496171262e-13
1.9,1,0.001,"strict",-13.8155105579643,9999.99999999999,"mixture",1600,2.1316282072803e-14
1.9,1,0.001,"strict",-4.60517018598809,9999.99999999999,"mixture",1427,9.82333325794116e-10
1.9,1,0.001,"strict",-2.30258509299405,9999.99999999999,"mixture",1427,2.44249065417534e-14
1.9,1,0.001,"strict",-0.693147180559945,9999.99999999999,"mixture",1427,4.08179046118562e-11
1.9,1,0.001,"strict",-0.105360515657826,9999.99999999999,"mixture",1427,2.48689957516035e-14
1.9,1,0.001,"strict",-0.0100503358535015,9999.99999999999,"mixture",1427,1.24344978758018e-14
1.9,1,0.001,"strict",-1.00000050002909e-06,9999.99999999999,"mixture",1600,3.73034936274053e-14
1.9,1,0.001,"strict",-1e-12,9999.99999999999,"mixture",1911,6.11440142961328e-09
1.9,1,0.001,"strict",-1e-30,9999.99999999999,"mixture",2635,6.22435436525848e-12
1.9,1,0.001,"strict",-9999.99999998999,9999.99999999999,"Poisson summation exceeds work limit",0,NA
1.9,1,0.001,"diagnostic",-27.6310211159285,9999.99999999999,"mixture",1763,4.49483197684231e-06
1.9,1,0.001,"diagnostic",-13.8155105579643,9999.99999999999,"mixture",1421,1.61179674051937e-08
1.9,1,0.001,"diagnostic",-4.60517018598809,9999.99999999999,"mixture",1139,5.86197757002083e-14
1.9,1,0.001,"diagnostic",-2.30258509299405,9999.99999999999,"mixture",1066,3.40547958721515e-08
1.9,1,0.001,"diagnostic",-0.693147180559945,9999.99999999999,"mixture",1066,1.74751916159899e-07
1.9,1,0.001,"diagnostic",-0.105360515657826,9999.99999999999,"mixture",1066,1.99097260455972e-07
1.9,1,0.001,"diagnostic",-0.0100503358535015,9999.99999999999,"mixture",1139,4.55093175588672e-07
1.9,1,0.001,"diagnostic",-1.00000050002909e-06,9999.99999999999,"mixture",1421,6.47144972276692e-07
1.9,1,0.001,"diagnostic",-1e-12,9999.99999999999,"mixture",1763,6.17412254655392e-09
1.9,1,0.001,"diagnostic",-1e-30,9999.99999999999,"mixture",2528,1.5058495108633e-06
1.9,1,0.001,"diagnostic",-9999.99999998999,9999.99999999999,"Poisson summation exceeds work limit",0,NA
1.9,1,0.001,"loose",-27.6310211159285,9999.99999999999,"mixture",1656,6.3948846218409e-14
1.9,1,0.001,"loose",-13.8155105579643,9999.99999999999,"mixture",1288,9.11033345118994e-05
1.9,1,0.001,"loose",-4.60517018598809,9999.99999999999,"mixture",970,4.44089209850063e-14
1.9,1,0.001,"loose",-2.30258509299405,9999.99999999999,"mixture",885,6.74034858687556e-05
1.9,1,0.001,"loose",-0.693147180559945,9999.99999999999,"mixture",885,2.9222397348927e-05
1.9,1,0.001,"loose",-0.105360515657826,9999.99999999999,"mixture",885,0.000190895043402861
1.9,1,0.001,"loose",-0.0100503358535015,9999.99999999999,"mixture",970,0.000657241295126454
1.9,1,0.001,"loose",-1.00000050002909e-06,9999.99999999999,"mixture",1288,0.000807038511560165
1.9,1,0.001,"loose",-1e-12,9999.99999999999,"mixture",1656,0.000572466711414421
1.9,1,0.001,"loose",-1e-30,9999.99999999999,"mixture",2455,0.000978573276526618
1.9,1,0.001,"loose",-9999.99999998999,9999.99999999999,"Poisson summation exceeds work limit",0,NA
1.99,1,0.001,"strict",-27.6310211159285,99999.9999999999,"mixture",6043,6.67910171614494e-13
1.99,1,0.001,"strict",-13.8155105579643,99999.9999999999,"mixture",5060,3.90798504668055e-14
1.99,1,0.001,"strict",-4.60517018598809,99999.9999999999,"mixture",4511,1.09834275008325e-09
1.99,1,0.001,"strict",-2.30258509299405,99999.9999999999,"mixture",4511,9.32587340685131e-15
1.99,1,0.001,"strict",-0.693147180559945,99999.9999999999,"mixture",4511,4.83629802872088e-11
1.99,1,0.001,"strict",-0.105360515657826,99999.9999999999,"mixture",4511,2.22044604925031e-14
1.99,1,0.001,"strict",-0.0100503358535015,99999.9999999999,"mixture",4511,3.01980662698043e-14
1.99,1,0.001,"strict",-1.00000050002909e-06,99999.9999999999,"mixture",5060,1.77635683940025e-14
1.99,1,0.001,"strict",-1e-12,99999.9999999999,"mixture",6043,4.55949233924002e-09
1.99,1,0.001,"strict",-1e-30,99999.9999999999,"mixture",8332,4.88853402202949e-12
1.99,1,0.001,"strict",-99999.9999999899,99999.9999999999,"Poisson summation exceeds work limit",0,NA
1.99,1,0.001,"diagnostic",-27.6310211159285,99999.9999999999,"mixture",5573,5.82202310539515e-06
1.99,1,0.001,"diagnostic",-13.8155105579643,99999.9999999999,"mixture",4491,1.93912903512228e-08
1.99,1,0.001,"diagnostic",-4.60517018598809,99999.9999999999,"mixture",3601,4.44089209850063e-15
1.99,1,0.001,"diagnostic",-2.30258509299405,99999.9999999999,"mixture",3370,3.64546317577208e-08
1.99,1,0.001,"diagnostic",-0.693147180559945,99999.9999999999,"mixture",3370,1.94701222366866e-07
1.99,1,0.001,"diagnostic",-0.105360515657826,99999.9999999999,"mixture",3370,1.85303389521607e-07
1.99,1,0.001,"diagnostic",-0.0100503358535015,99999.9999999999,"mixture",3601,2.40643631777004e-06
1.99,1,0.001,"diagnostic",-1.00000050002909e-06,99999.9999999999,"mixture",4491,5.75228277455153e-07
1.99,1,0.001,"diagnostic",-1e-12,99999.9999999999,"mixture",5573,4.55949233924002e-09
1.99,1,0.001,"diagnostic",-1e-30,99999.9999999999,"mixture",7996,1.32942312802697e-06
1.99,1,0.001,"diagnostic",-99999.9999999899,99999.9999999999,"Poisson summation exceeds work limit",0,NA
1.99,1,0.001,"loose",-27.6310211159285,99999.9999999999,"mixture",5237,6.75015598972095e-14
1.99,1,0.001,"loose",-13.8155105579643,99999.9999999999,"mixture",4070,0.000101249414402815
1.99,1,0.001,"loose",-4.60517018598809,99999.9999999999,"mixture",3067,7.99360577730113e-15
1.99,1,0.001,"loose",-2.30258509299405,99999.9999999999,"mixture",2795,6.94770612867934e-05
1.99,1,0.001,"loose",-0.693147180559945,99999.9999999999,"mixture",2795,0.000150101403365244
1.99,1,0.001,"loose",-0.105360515657826,99999.9999999999,"mixture",2795,0.000182196953308456
1.99,1,0.001,"loose",-0.0100503358535015,99999.9999999999,"mixture",3067,0.000765581665982396
1.99,1,0.001,"loose",-1.00000050002909e-06,99999.9999999999,"mixture",4070,0.000752523763225099
1.99,1,0.001,"loose",-1e-12,99999.9999999999,"mixture",5237,0.000491509299962445
1.99,1,0.001,"loose",-1e-30,99999.9999999999,"mixture",7763,0.000903975850150118
1.99,1,0.001,"loose",-99999.9999999899,99999.9999999999,"Poisson summation exceeds work limit",0,NA
1.9999,1,0.001,"strict",-27.6310211159285,10000000.0000011,"Poisson summation exceeds work limit",0,NA
1.9999,1,0.001,"strict",-13.8155105579643,10000000.0000011,"Poisson summation exceeds work limit",0,NA
1.9999,1,0.001,"strict",-4.60517018598809,10000000.0000011,"Poisson summation exceeds work limit",0,NA
1.9999,1,0.001,"strict",-2.30258509299405,10000000.0000011,"Poisson summation exceeds work limit",0,NA
1.9999,1,0.001,"strict",-0.693147180559945,10000000.0000011,"Poisson summation exceeds work limit",0,NA
1.9999,1,0.001,"strict",-0.105360515657826,10000000.0000011,"Poisson summation exceeds work limit",0,NA
1.9999,1,0.001,"strict",-0.0100503358535015,10000000.0000011,"Poisson summation exceeds work limit",0,NA
1.9999,1,0.001,"strict",-1.00000050002909e-06,10000000.0000011,"Poisson summation exceeds work limit",0,NA
1.9999,1,0.001,"strict",-1e-12,10000000.0000011,"Poisson summation exceeds work limit",0,NA
1.9999,1,0.001,"strict",-1e-30,10000000.0000011,"Poisson summation exceeds work limit",0,NA
1.9999,1,0.001,"strict",-10000000.0000011,10000000.0000011,"Poisson summation exceeds work limit",0,NA
1.9999,1,0.001,"diagnostic",-27.6310211159285,10000000.0000011,"Poisson summation exceeds work limit",0,NA
1.9999,1,0.001,"diagnostic",-13.8155105579643,10000000.0000011,"Poisson summation exceeds work limit",0,NA
1.9999,1,0.001,"diagnostic",-4.60517018598809,10000000.0000011,"Poisson summation exceeds work limit",0,NA
1.9999,1,0.001,"diagnostic",-2.30258509299405,10000000.0000011,"Poisson summation exceeds work limit",0,NA
1.9999,1,0.001,"diagnostic",-0.693147180559945,10000000.0000011,"Poisson summation exceeds work limit",0,NA
1.9999,1,0.001,"diagnostic",-0.105360515657826,10000000.0000011,"Poisson summation exceeds work limit",0,NA
1.9999,1,0.001,"diagnostic",-0.0100503358535015,10000000.0000011,"Poisson summation exceeds work limit",0,NA
1.9999,1,0.001,"diagnostic",-1.00000050002909e-06,10000000.0000011,"Poisson summation exceeds work limit",0,NA
1.9999,1,0.001,"diagnostic",-1e-12,10000000.0000011,"Poisson summation exceeds work limit",0,NA
1.9999,1,0.001,"diagnostic",-1e-30,10000000.0000011,"Poisson summation exceeds work limit",0,NA
1.9999,1,0.001,"diagnostic",-10000000.0000011,10000000.0000011,"Poisson summation exceeds work limit",0,NA
1.9999,1,0.001,"loose",-27.6310211159285,10000000.0000011,"Poisson summation exceeds work limit",0,NA
1.9999,1,0.001,"loose",-13.8155105579643,10000000.0000011,"Poisson summation exceeds work limit",0,NA
1.9999,1,0.001,"loose",-4.60517018598809,10000000.0000011,"Poisson summation exceeds work limit",0,NA
1.9999,1,0.001,"loose",-2.30258509299405,10000000.0000011,"Poisson summation exceeds work limit",0,NA
1.9999,1,0.001,"loose",-0.693147180559945,10000000.0000011,"Poisson summation exceeds work limit",0,NA
1.9999,1,0.001,"loose",-0.105360515657826,10000000.0000011,"Poisson summation exceeds work limit",0,NA
1.9999,1,0.001,"loose",-0.0100503358535015,10000000.0000011,"Poisson summation exceeds work limit",0,NA
1.9999,1,0.001,"loose",-1.00000050002909e-06,10000000.0000011,"Poisson summation exceeds work limit",0,NA
1.9999,1,0.001,"loose",-1e-12,10000000.0000011,"Poisson summation exceeds work limit",0,NA
1.9999,1,0.001,"loose",-1e-30,10000000.0000011,"Poisson summation exceeds work limit",0,NA
1.9999,1,0.001,"loose",-10000000.0000011,10000000.0000011,"Poisson summation exceeds work limit",0,NA
1.01,1000,0.001,"strict",-27.6310211159285,942681.111916153,"Poisson summation exceeds work limit",0,NA
1.01,1000,0.001,"strict",-13.8155105579643,942681.111916153,"Poisson summation exceeds work limit",0,NA
1.01,1000,0.001,"strict",-4.60517018598809,942681.111916153,"Poisson summation exceeds work limit",0,NA
1.01,1000,0.001,"strict",-2.30258509299405,942681.111916153,"Poisson summation exceeds work limit",0,NA
1.01,1000,0.001,"strict",-0.693147180559945,942681.111916153,"Poisson summation exceeds work limit",0,NA
1.01,1000,0.001,"strict",-0.105360515657826,942681.111916153,"Poisson summation exceeds work limit",0,NA
1.01,1000,0.001,"strict",-0.0100503358535015,942681.111916153,"Poisson summation exceeds work limit",0,NA
1.01,1000,0.001,"strict",-1.00000050002909e-06,942681.111916153,"Poisson summation exceeds work limit",0,NA
1.01,1000,0.001,"strict",-1e-12,942681.111916153,"Poisson summation exceeds work limit",0,NA
1.01,1000,0.001,"strict",-1e-30,942681.111916153,"Poisson summation exceeds work limit",0,NA
1.01,1000,0.001,"strict",-942681.111916143,942681.111916153,"Poisson summation exceeds work limit",0,NA
1.01,1000,0.001,"diagnostic",-27.6310211159285,942681.111916153,"Poisson summation exceeds work limit",0,NA
1.01,1000,0.001,"diagnostic",-13.8155105579643,942681.111916153,"Poisson summation exceeds work limit",0,NA
1.01,1000,0.001,"diagnostic",-4.60517018598809,942681.111916153,"Poisson summation exceeds work limit",0,NA
1.01,1000,0.001,"diagnostic",-2.30258509299405,942681.111916153,"Poisson summation exceeds work limit",0,NA
1.01,1000,0.001,"diagnostic",-0.693147180559945,942681.111916153,"Poisson summation exceeds work limit",0,NA
1.01,1000,0.001,"diagnostic",-0.105360515657826,942681.111916153,"Poisson summation exceeds work limit",0,NA
1.01,1000,0.001,"diagnostic",-0.0100503358535015,942681.111916153,"Poisson summation exceeds work limit",0,NA
1.01,1000,0.001,"diagnostic",-1.00000050002909e-06,942681.111916153,"Poisson summation exceeds work limit",0,NA
1.01,1000,0.001,"diagnostic",-1e-12,942681.111916153,"Poisson summation exceeds work limit",0,NA
1.01,1000,0.001,"diagnostic",-1e-30,942681.111916153,"Poisson summation exceeds work limit",0,NA
1.01,1000,0.001,"diagnostic",-942681.111916143,942681.111916153,"Poisson summation exceeds work limit",0,NA
1.01,1000,0.001,"loose",-27.6310211159285,942681.111916153,"Poisson summation exceeds work limit",0,NA
1.01,1000,0.001,"loose",-13.8155105579643,942681.111916153,"Poisson summation exceeds work limit",0,NA
1.01,1000,0.001,"loose",-4.60517018598809,942681.111916153,"mixture",9414,1.12088116566156e-12
1.01,1000,0.001,"loose",-2.30258509299405,942681.111916153,"mixture",8579,2.87014856326095e-12
1.01,1000,0.001,"loose",-0.693147180559945,942681.111916153,"mixture",8579,0.000129069171071694
1.01,1000,0.001,"loose",-0.105360515657826,942681.111916153,"mixture",8579,8.13127343235465e-12
1.01,1000,0.001,"loose",-0.0100503358535015,942681.111916153,"mixture",9414,5.07860420384532e-12
1.01,1000,0.001,"loose",-1.00000050002909e-06,942681.111916153,"Poisson summation exceeds work limit",0,NA
1.01,1000,0.001,"loose",-1e-12,942681.111916153,"Poisson summation exceeds work limit",0,NA
1.01,1000,0.001,"loose",-1e-30,942681.111916153,"Poisson summation exceeds work limit",0,NA
1.01,1000,0.001,"loose",-942681.111916143,942681.111916153,"Poisson summation exceeds work limit",0,NA
1.1,1000,0.001,"strict",-27.6310211159285,556874.704030302,"Poisson summation exceeds work limit",0,NA
1.1,1000,0.001,"strict",-13.8155105579643,556874.704030302,"Poisson summation exceeds work limit",0,NA
1.1,1000,0.001,"strict",-4.60517018598809,556874.704030302,"Poisson summation exceeds work limit",0,NA
1.1,1000,0.001,"strict",-2.30258509299405,556874.704030302,"Poisson summation exceeds work limit",0,NA
1.1,1000,0.001,"strict",-0.693147180559945,556874.704030302,"Poisson summation exceeds work limit",0,NA
1.1,1000,0.001,"strict",-0.105360515657826,556874.704030302,"Poisson summation exceeds work limit",0,NA
1.1,1000,0.001,"strict",-0.0100503358535015,556874.704030302,"Poisson summation exceeds work limit",0,NA
1.1,1000,0.001,"strict",-1.00000050002909e-06,556874.704030302,"Poisson summation exceeds work limit",0,NA
1.1,1000,0.001,"strict",-1e-12,556874.704030302,"Poisson summation exceeds work limit",0,NA
1.1,1000,0.001,"strict",-1e-30,556874.704030302,"Poisson summation exceeds work limit",0,NA
1.1,1000,0.001,"strict",-556874.704030292,556874.704030302,"Poisson summation exceeds work limit",0,NA
1.1,1000,0.001,"diagnostic",-27.6310211159285,556874.704030302,"Poisson summation exceeds work limit",0,NA
1.1,1000,0.001,"diagnostic",-13.8155105579643,556874.704030302,"Poisson summation exceeds work limit",0,NA
1.1,1000,0.001,"diagnostic",-4.60517018598809,556874.704030302,"mixture",8497,1.9391993797413e-06
1.1,1000,0.001,"diagnostic",-2.30258509299405,556874.704030302,"mixture",7951,4.06341627012807e-13
1.1,1000,0.001,"diagnostic",-0.693147180559945,556874.704030302,"mixture",7951,4.04010158661094e-13
1.1,1000,0.001,"diagnostic",-0.105360515657826,556874.704030302,"mixture",7951,1.37578837211549e-12
1.1,1000,0.001,"diagnostic",-0.0100503358535015,556874.704030302,"mixture",8497,2.20760581370882e-06
1.1,1000,0.001,"diagnostic",-1.00000050002909e-06,556874.704030302,"Poisson summation exceeds work limit",0,NA
1.1,1000,0.001,"diagnostic",-1e-12,556874.704030302,"Poisson summation exceeds work limit",0,NA
1.1,1000,0.001,"diagnostic",-1e-30,556874.704030302,"Poisson summation exceeds work limit",0,NA
1.1,1000,0.001,"diagnostic",-556874.704030292,556874.704030302,"Poisson summation exceeds work limit",0,NA
1.1,1000,0.001,"loose",-27.6310211159285,556874.704030302,"Poisson summation exceeds work limit",0,NA
1.1,1000,0.001,"loose",-13.8155105579643,556874.704030302,"mixture",9602,3.96127575186256e-13
1.1,1000,0.001,"loose",-4.60517018598809,556874.704030302,"mixture",7236,3.50327766795999e-10
1.1,1000,0.001,"loose",-2.30258509299405,556874.704030302,"mixture",6593,6.24833518259038e-13
1.1,1000,0.001,"loose",-0.693147180559945,556874.704030302,"mixture",6593,0.000196606130515309
1.1,1000,0.001,"loose",-0.105360515657826,556874.704030302,"mixture",6593,1.22479804076647e-12
1.1,1000,0.001,"loose",-0.0100503358535015,556874.704030302,"mixture",7236,2.23205454119579e-10
1.1,1000,0.001,"loose",-1.00000050002909e-06,556874.704030302,"mixture",9602,7.8159700933611e-14
1.1,1000,0.001,"loose",-1e-12,556874.704030302,"Poisson summation exceeds work limit",0,NA
1.1,1000,0.001,"loose",-1e-30,556874.704030302,"Poisson summation exceeds work limit",0,NA
1.1,1000,0.001,"loose",-556874.704030292,556874.704030302,"Poisson summation exceeds work limit",0,NA
1.5,1000,0.001,"strict",-27.6310211159285,63245.5532033676,"mixture",4806,1.52766688188422e-13
1.5,1000,0.001,"strict",-13.8155105579643,63245.5532033676,"mixture",4025,9.52660172970354e-12
1.5,1000,0.001,"strict",-4.60517018598809,63245.5532033676,"mixture",3587,1.14575016141316e-13
1.5,1000,0.001,"strict",-2.30258509299405,63245.5532033676,"mixture",3587,6.72974120874414e-10
1.5,1000,0.001,"strict",-0.693147180559945,63245.5532033676,"mixture",3587,8.28852653178558e-10
1.5,1000,0.001,"strict",-0.105360515657826,63245.5532033676,"mixture",3587,1.06093622775916e-09
1.5,1000,0.001,"strict",-0.0100503358535015,63245.5532033676,"mixture",3587,9.41469124882133e-14
1.5,1000,0.001,"strict",-1.00000050002909e-06,63245.5532033676,"mixture",4025,6.24513774027946e-11
1.5,1000,0.001,"strict",-1e-12,63245.5532033676,"mixture",4806,1.66267000167863e-12
1.5,1000,0.001,"strict",-1e-30,63245.5532033676,"mixture",6626,6.27977669864777e-11
1.5,1000,0.001,"strict",-63245.5532033576,63245.5532033676,"Poisson summation exceeds work limit",0,NA
1.5,1000,0.001,"diagnostic",-27.6310211159285,63245.5532033676,"mixture",4432,1.05568886965557e-10
1.5,1000,0.001,"diagnostic",-13.8155105579643,63245.5532033676,"mixture",3572,4.47641923528863e-13
1.5,1000,0.001,"diagnostic",-4.60517018598809,63245.5532033676,"mixture",2864,4.80256778345733e-07
1.5,1000,0.001,"diagnostic",-2.30258509299405,63245.5532033676,"mixture",2680,6.85713153236733e-06
1.5,1000,0.001,"diagnostic",-0.693147180559945,63245.5532033676,"mixture",2680,3.74034136996215e-13
1.5,1000,0.001,"diagnostic",-0.105360515657826,63245.5532033676,"mixture",2680,8.85404781048038e-06
1.5,1000,0.001,"diagnostic",-0.0100503358535015,63245.5532033676,"mixture",2864,8.43739140776734e-07
1.5,1000,0.001,"diagnostic",-1.00000050002909e-06,63245.5532033676,"mixture",3572,6.91002810526697e-13
1.5,1000,0.001,"diagnostic",-1e-12,63245.5532033676,"mixture",4432,5.40047818020639e-07
1.5,1000,0.001,"diagnostic",-1e-30,63245.5532033676,"mixture",6359,1.81898940354586e-12
1.5,1000,0.001,"diagnostic",-63245.5532033576,63245.5532033676,"Poisson summation exceeds work limit",0,NA
1.5,1000,0.001,"loose",-27.6310211159285,63245.5532033676,"mixture",4165,8.81072992342524e-13
1.5,1000,0.001,"loose",-13.8155105579643,63245.5532033676,"mixture",3237,1.66977542903624e-13
1.5,1000,0.001,"loose",-4.60517018598809,63245.5532033676,"mixture",2439,4.52970994047064e-13
1.5,1000,0.001,"loose",-2.30258509299405,63245.5532033676,"mixture",2222,0.000902773619155806
1.5,1000,0.001,"loose",-0.693147180559945,63245.5532033676,"mixture",2222,5.44009282066327e-15
1.5,1000,0.001,"loose",-0.105360515657826,63245.5532033676,"mixture",2222,3.01980662698043e-14
1.5,1000,0.001,"loose",-0.0100503358535015,63245.5532033676,"mixture",2439,0.00067970467399725
1.5,1000,0.001,"loose",-1.00000050002909e-06,63245.5532033676,"mixture",3237,4.36983782492462e-13
1.5,1000,0.001,"loose",-1e-12,63245.5532033676,"mixture",4165,1.89714910447947e-12
1.5,1000,0.001,"loose",-1e-30,63245.5532033676,"mixture",6174,1.08002495835535e-12
1.5,1000,0.001,"loose",-63245.5532033576,63245.5532033676,"Poisson summation exceeds work limit",0,NA
1.9,1000,0.001,"strict",-27.6310211159285,19952.6231496888,"mixture",2700,1.77635683940025e-13
1.9,1000,0.001,"strict",-13.8155105579643,19952.6231496888,"mixture",2261,4.76063632959267e-13
1.9,1000,0.001,"strict",-4.60517018598809,19952.6231496888,"mixture",2015,4.52970994047064e-14
1.9,1000,0.001,"strict",-2.30258509299405,19952.6231496888,"mixture",2015,3.9762459991266e-10
1.9,1000,0.001,"strict",-0.693147180559945,19952.6231496888,"mixture",2015,1.38367095559033e-12
1.9,1000,0.001,"strict",-0.105360515657826,19952.6231496888,"mixture",2015,1.5243974971213e-09
1.9,1000,0.001,"strict",-0.0100503358535015,19952.6231496888,"mixture",2015,2.07833750209829e-13
1.9,1000,0.001,"strict",-1.00000050002909e-06,19952.6231496888,"mixture",2261,1.79831260993524e-10
1.9,1000,0.001,"strict",-1e-12,19952.6231496888,"mixture",2700,4.2632564145606e-14
1.9,1000,0.001,"strict",-1e-30,19952.6231496888,"mixture",3722,7.73852093516325e-10
1.9,1000,0.001,"strict",-19952.6231496788,19952.6231496888,"Poisson summation exceeds work limit",0,NA
1.9,1000,0.001,"diagnostic",-27.6310211159285,19952.6231496888,"mixture",2490,2.89907120532007e-08
1.9,1000,0.001,"diagnostic",-13.8155105579643,19952.6231496888,"mixture",2007,4.08234316395806e-06
1.9,1000,0.001,"diagnostic",-4.60517018598809,19952.6231496888,"mixture",1609,1.79489235030417e-07
1.9,1000,0.001,"diagnostic",-2.30258509299405,19952.6231496888,"mixture",1506,4.62838145187661e-06
1.9,1000,0.001,"diagnostic",-0.693147180559945,19952.6231496888,"mixture",1506,1.81997680259727e-08
1.9,1000,0.001,"diagnostic",-0.105360515657826,19952.6231496888,"mixture",1506,2.57571741713036e-14
1.9,1000,0.001,"diagnostic",-0.0100503358535015,19952.6231496888,"mixture",1609,1.06534149413307e-06
1.9,1000,0.001,"diagnostic",-1.00000050002909e-06,19952.6231496888,"mixture",2007,3.62732066605531e-11
1.9,1000,0.001,"diagnostic",-1e-12,19952.6231496888,"mixture",2490,1.15749136853083e-06
1.9,1000,0.001,"diagnostic",-1e-30,19952.6231496888,"mixture",3572,7.74321051721927e-10
1.9,1000,0.001,"diagnostic",-19952.6231496788,19952.6231496888,"Poisson summation exceeds work limit",0,NA
1.9,1000,0.001,"loose",-27.6310211159285,19952.6231496888,"mixture",2339,0.000172344085207499
1.9,1000,0.001,"loose",-13.8155105579643,19952.6231496888,"mixture",1818,7.8159700933611e-14
1.9,1000,0.001,"loose",-4.60517018598809,19952.6231496888,"mixture",1370,0.000244577562481751
1.9,1000,0.001,"loose",-2.30258509299405,19952.6231496888,"mixture",1249,0.000660265855508602
1.9,1000,0.001,"loose",-0.693147180559945,19952.6231496888,"mixture",1249,0.00030079736145161
1.9,1000,0.001,"loose",-0.105360515657826,19952.6231496888,"mixture",1249,3.5527136788005e-15
1.9,1000,0.001,"loose",-0.0100503358535015,19952.6231496888,"mixture",1370,0.000698550400831444
1.9,1000,0.001,"loose",-1.00000050002909e-06,19952.6231496888,"mixture",1818,6.88727564241987e-05
1.9,1000,0.001,"loose",-1e-12,19952.6231496888,"mixture",2339,2.27693419674324e-11
1.9,1000,0.001,"loose",-1e-30,19952.6231496888,"mixture",3468,0.000322978372423677
1.9,1000,0.001,"loose",-19952.6231496788,19952.6231496888,"Poisson summation exceeds work limit",0,NA
1.99,1000,0.001,"strict",-27.6310211159285,107151.930523761,"mixture",6255,1.96465066437668e-12
1.99,1000,0.001,"strict",-13.8155105579643,107151.930523761,"mixture",5238,3.37507799486048e-14
1.99,1000,0.001,"strict",-4.60517018598809,107151.930523761,"mixture",4669,1.92601046222762e-09
1.99,1000,0.001,"strict",-2.30258509299405,107151.930523761,"mixture",4669,1.28785870856518e-14
1.99,1000,0.001,"strict",-0.693147180559945,107151.930523761,"mixture",4669,5.43706191180604e-11
1.99,1000,0.001,"strict",-0.105360515657826,107151.930523761,"mixture",4669,3.73034936274053e-14
1.99,1000,0.001,"strict",-0.0100503358535015,107151.930523761,"mixture",4669,1.59872115546023e-14
1.99,1000,0.001,"strict",-1.00000050002909e-06,107151.930523761,"mixture",5238,1.06581410364015e-14
1.99,1000,0.001,"strict",-1e-12,107151.930523761,"mixture",6255,2.05287165044865e-09
1.99,1000,0.001,"strict",-1e-30,107151.930523761,"mixture",8625,1.36566313813091e-11
1.99,1000,0.001,"strict",-107151.930523751,107151.930523761,"Poisson summation exceeds work limit",0,NA
1.99,1000,0.001,"diagnostic",-27.6310211159285,107151.930523761,"mixture",5769,1.13686837721616e-13
1.99,1000,0.001,"diagnostic",-13.8155105579643,107151.930523761,"mixture",4649,3.55098670468124e-08
1.99,1000,0.001,"diagnostic",-4.60517018598809,107151.930523761,"mixture",3728,6.12843109593086e-14
1.99,1000,0.001,"diagnostic",-2.30258509299405,107151.930523761,"mixture",3488,5.58201160849592e-08
1.99,1000,0.001,"diagnostic",-0.693147180559945,107151.930523761,"mixture",3488,2.10255662769221e-07
1.99,1000,0.001,"diagnostic",-0.105360515657826,107151.930523761,"mixture",3488,2.70560139625786e-07
1.99,1000,0.001,"diagnostic",-0.0100503358535015,107151.930523761,"mixture",3728,1.57133985823066e-08
1.99,1000,0.001,"diagnostic",-1.00000050002909e-06,107151.930523761,"mixture",4649,9.6362786194959e-07
1.99,1000,0.001,"diagnostic",-1e-12,107151.930523761,"mixture",5769,1.05465964850282e-08
1.99,1000,0.001,"diagnostic",-1e-30,107151.930523761,"mixture",8277,2.39910087884709e-06
1.99,1000,0.001,"diagnostic",-107151.930523751,107151.930523761,"Poisson summation exceeds work limit",0,NA
1.99,1000,0.001,"loose",-27.6310211159285,107151.930523761,"mixture",5421,9.59232693276135e-14
1.99,1000,0.001,"loose",-13.8155105579643,107151.930523761,"mixture",4212,0.000145531591165593
1.99,1000,0.001,"loose",-4.60517018598809,107151.930523761,"mixture",3174,1.77635683940025e-15
1.99,1000,0.001,"loose",-2.30258509299405,107151.930523761,"mixture",2893,8.97499183705186e-05
1.99,1000,0.001,"loose",-0.693147180559945,107151.930523761,"mixture",2893,2.1028609704099e-05
1.99,1000,0.001,"loose",-0.105360515657826,107151.930523761,"mixture",2893,0.000228815762458368
1.99,1000,0.001,"loose",-0.0100503358535015,107151.930523761,"mixture",3174,0.000117821091629722
1.99,1000,0.001,"loose",-1.00000050002909e-06,107151.930523761,"mixture",4212,1.06581410364015e-13
1.99,1000,0.001,"loose",-1e-12,107151.930523761,"mixture",5421,0.00074784776632697
1.99,1000,0.001,"loose",-1e-30,107151.930523761,"mixture",8037,2.27373675443232e-13
1.99,1000,0.001,"loose",-107151.930523751,107151.930523761,"Poisson summation exceeds work limit",0,NA
1.9999,1000,0.001,"strict",-27.6310211159285,10006910.1416837,"Poisson summation exceeds work limit",0,NA
1.9999,1000,0.001,"strict",-13.8155105579643,10006910.1416837,"Poisson summation exceeds work limit",0,NA
1.9999,1000,0.001,"strict",-4.60517018598809,10006910.1416837,"Poisson summation exceeds work limit",0,NA
1.9999,1000,0.001,"strict",-2.30258509299405,10006910.1416837,"Poisson summation exceeds work limit",0,NA
1.9999,1000,0.001,"strict",-0.693147180559945,10006910.1416837,"Poisson summation exceeds work limit",0,NA
1.9999,1000,0.001,"strict",-0.105360515657826,10006910.1416837,"Poisson summation exceeds work limit",0,NA
1.9999,1000,0.001,"strict",-0.0100503358535015,10006910.1416837,"Poisson summation exceeds work limit",0,NA
1.9999,1000,0.001,"strict",-1.00000050002909e-06,10006910.1416837,"Poisson summation exceeds work limit",0,NA
1.9999,1000,0.001,"strict",-1e-12,10006910.1416837,"Poisson summation exceeds work limit",0,NA
1.9999,1000,0.001,"strict",-1e-30,10006910.1416837,"Poisson summation exceeds work limit",0,NA
1.9999,1000,0.001,"strict",-10006910.1416837,10006910.1416837,"Poisson summation exceeds work limit",0,NA
1.9999,1000,0.001,"diagnostic",-27.6310211159285,10006910.1416837,"Poisson summation exceeds work limit",0,NA
1.9999,1000,0.001,"diagnostic",-13.8155105579643,10006910.1416837,"Poisson summation exceeds work limit",0,NA
1.9999,1000,0.001,"diagnostic",-4.60517018598809,10006910.1416837,"Poisson summation exceeds work limit",0,NA
1.9999,1000,0.001,"diagnostic",-2.30258509299405,10006910.1416837,"Poisson summation exceeds work limit",0,NA
1.9999,1000,0.001,"diagnostic",-0.693147180559945,10006910.1416837,"Poisson summation exceeds work limit",0,NA
1.9999,1000,0.001,"diagnostic",-0.105360515657826,10006910.1416837,"Poisson summation exceeds work limit",0,NA
1.9999,1000,0.001,"diagnostic",-0.0100503358535015,10006910.1416837,"Poisson summation exceeds work limit",0,NA
1.9999,1000,0.001,"diagnostic",-1.00000050002909e-06,10006910.1416837,"Poisson summation exceeds work limit",0,NA
1.9999,1000,0.001,"diagnostic",-1e-12,10006910.1416837,"Poisson summation exceeds work limit",0,NA
1.9999,1000,0.001,"diagnostic",-1e-30,10006910.1416837,"Poisson summation exceeds work limit",0,NA
1.9999,1000,0.001,"diagnostic",-10006910.1416837,10006910.1416837,"Poisson summation exceeds work limit",0,NA
1.9999,1000,0.001,"loose",-27.6310211159285,10006910.1416837,"Poisson summation exceeds work limit",0,NA
1.9999,1000,0.001,"loose",-13.8155105579643,10006910.1416837,"Poisson summation exceeds work limit",0,NA
1.9999,1000,0.001,"loose",-4.60517018598809,10006910.1416837,"Poisson summation exceeds work limit",0,NA
1.9999,1000,0.001,"loose",-2.30258509299405,10006910.1416837,"Poisson summation exceeds work limit",0,NA
1.9999,1000,0.001,"loose",-0.693147180559945,10006910.1416837,"Poisson summation exceeds work limit",0,NA
1.9999,1000,0.001,"loose",-0.105360515657826,10006910.1416837,"Poisson summation exceeds work limit",0,NA
1.9999,1000,0.001,"loose",-0.0100503358535015,10006910.1416837,"Poisson summation exceeds work limit",0,NA
1.9999,1000,0.001,"loose",-1.00000050002909e-06,10006910.1416837,"Poisson summation exceeds work limit",0,NA
1.9999,1000,0.001,"loose",-1e-12,10006910.1416837,"Poisson summation exceeds work limit",0,NA
1.9999,1000,0.001,"loose",-1e-30,10006910.1416837,"Poisson summation exceeds work limit",0,NA
1.9999,1000,0.001,"loose",-10006910.1416837,10006910.1416837,"Poisson summation exceeds work limit",0,NA
1.01,0.001,1,"strict",-27.6310211159285,0.00108234273256324,"atom",0,0
1.01,0.001,1,"strict",-13.8155105579643,0.00108234273256324,"atom",0,0
1.01,0.001,1,"strict",-4.60517018598809,0.00108234273256324,"atom",0,0
1.01,0.001,1,"strict",-2.30258509299405,0.00108234273256324,"atom",0,0
1.01,0.001,1,"strict",-0.693147180559945,0.00108234273256324,"atom",0,0
1.01,0.001,1,"strict",-0.105360515657826,0.00108234273256324,"atom",0,0
1.01,0.001,1,"strict",-0.0100503358535015,0.00108234273256324,"atom",0,0
1.01,0.001,1,"strict",-1.00000050002909e-06,0.00108234273256324,"mixture",4,7.105427357601e-15
1.01,0.001,1,"strict",-1e-12,0.00108234273256324,"mixture",6,3.09441361423524e-12
1.01,0.001,1,"strict",-1e-30,0.00108234273256324,"mixture",10,6.55120402370812e-12
1.01,0.001,1,"strict",-0.00108233273256324,0.00108234273256324,"mixture",5,4.94420504537629e-10
1.01,0.001,1,"diagnostic",-27.6310211159285,0.00108234273256324,"atom",0,0
1.01,0.001,1,"diagnostic",-13.8155105579643,0.00108234273256324,"atom",0,0
1.01,0.001,1,"diagnostic",-4.60517018598809,0.00108234273256324,"atom",0,0
1.01,0.001,1,"diagnostic",-2.30258509299405,0.00108234273256324,"atom",0,0
1.01,0.001,1,"diagnostic",-0.693147180559945,0.00108234273256324,"atom",0,0
1.01,0.001,1,"diagnostic",-0.105360515657826,0.00108234273256324,"atom",0,0
1.01,0.001,1,"diagnostic",-0.0100503358535015,0.00108234273256324,"atom",0,0
1.01,0.001,1,"diagnostic",-1.00000050002909e-06,0.00108234273256324,"mixture",3,9.01870578218222e-10
1.01,0.001,1,"diagnostic",-1e-12,0.00108234273256324,"mixture",5,2.29275465812862e-06
1.01,0.001,1,"diagnostic",-1e-30,0.00108234273256324,"mixture",9,5.35032015136494e-06
1.01,0.001,1,"diagnostic",-0.00108233273256324,0.00108234273256324,"mixture",4,8.68031249368073e-06
1.01,0.001,1,"loose",-27.6310211159285,0.00108234273256324,"atom",0,0
1.01,0.001,1,"loose",-13.8155105579643,0.00108234273256324,"atom",0,0
1.01,0.001,1,"loose",-4.60517018598809,0.00108234273256324,"atom",0,0
1.01,0.001,1,"loose",-2.30258509299405,0.00108234273256324,"atom",0,0
1.01,0.001,1,"loose",-0.693147180559945,0.00108234273256324,"atom",0,0
1.01,0.001,1,"loose",-0.105360515657826,0.00108234273256324,"atom",0,0
1.01,0.001,1,"loose",-0.0100503358535015,0.00108234273256324,"atom",0,0
1.01,0.001,1,"loose",-1.00000050002909e-06,0.00108234273256324,"mixture",3,2.65766032345738e-05
1.01,0.001,1,"loose",-1e-12,0.00108234273256324,"mixture",4,0.000485477546934732
1.01,0.001,1,"loose",-1e-30,0.00108234273256324,"mixture",9,2.8421709430404e-14
1.01,0.001,1,"loose",-0.00108233273256324,0.00108234273256324,"mixture",3,1.05691039102851e-05
1.1,0.001,1,"strict",-27.6310211159285,0.0022169581277432,"atom",0,0
1.1,0.001,1,"strict",-13.8155105579643,0.0022169581277432,"atom",0,0
1.1,0.001,1,"strict",-4.60517018598809,0.0022169581277432,"atom",0,0
1.1,0.001,1,"strict",-2.30258509299405,0.0022169581277432,"atom",0,0
1.1,0.001,1,"strict",-0.693147180559945,0.0022169581277432,"atom",0,0
1.1,0.001,1,"strict",-0.105360515657826,0.0022169581277432,"atom",0,0
1.1,0.001,1,"strict",-0.0100503358535015,0.0022169581277432,"atom",0,0
1.1,0.001,1,"strict",-1.00000050002909e-06,0.0022169581277432,"mixture",4,1.06226138996135e-12
1.1,0.001,1,"strict",-1e-12,0.0022169581277432,"mixture",6,7.105427357601e-15
1.1,0.001,1,"strict",-1e-30,0.0022169581277432,"mixture",11,6.62367938275565e-11
1.1,0.001,1,"strict",-0.0022169481277432,0.0022169581277432,"mixture",5,2.43716158365714e-12
1.1,0.001,1,"diagnostic",-27.6310211159285,0.0022169581277432,"atom",0,0
1.1,0.001,1,"diagnostic",-13.8155105579643,0.0022169581277432,"atom",0,0
1.1,0.001,1,"diagnostic",-4.60517018598809,0.0022169581277432,"atom",0,0
1.1,0.001,1,"diagnostic",-2.30258509299405,0.0022169581277432,"atom",0,0
1.1,0.001,1,"diagnostic",-0.693147180559945,0.0022169581277432,"atom",0,0
1.1,0.001,1,"diagnostic",-0.105360515657826,0.0022169581277432,"atom",0,0
1.1,0.001,1,"diagnostic",-0.0100503358535015,0.0022169581277432,"atom",0,0
1.1,0.001,1,"diagnostic",-1.00000050002909e-06,0.0022169581277432,"mixture",4,2.26173114015182e-07
1.1,0.001,1,"diagnostic",-1e-12,0.0022169581277432,"mixture",5,8.83235173887442e-09
1.1,0.001,1,"diagnostic",-1e-30,0.0022169581277432,"mixture",10,7.31574800738599e-11
1.1,0.001,1,"diagnostic",-0.0022169481277432,0.0022169581277432,"mixture",4,4.96880655731502e-07
1.1,0.001,1,"loose",-27.6310211159285,0.0022169581277432,"atom",0,0
1.1,0.001,1,"loose",-13.8155105579643,0.0022169581277432,"atom",0,0
1.1,0.001,1,"loose",-4.60517018598809,0.0022169581277432,"atom",0,0
1.1,0.001,1,"loose",-2.30258509299405,0.0022169581277432,"atom",0,0
1.1,0.001,1,"loose",-0.693147180559945,0.0022169581277432,"atom",0,0
1.1,0.001,1,"loose",-0.105360515657826,0.0022169581277432,"atom",0,0
1.1,0.001,1,"loose",-0.0100503358535015,0.0022169581277432,"atom",0,0
1.1,0.001,1,"loose",-1.00000050002909e-06,0.0022169581277432,"mixture",3,0.000189050204395969
1.1,0.001,1,"loose",-1e-12,0.0022169581277432,"mixture",5,7.04743055806034e-05
1.1,0.001,1,"loose",-1e-30,0.0022169581277432,"mixture",10,8.55734803337782e-05
1.1,0.001,1,"loose",-0.0022169481277432,0.0022169581277432,"mixture",4,4.96880655731502e-07
1.5,0.001,1,"strict",-27.6310211159285,0.0632455532033676,"atom",0,0
1.5,0.001,1,"strict",-13.8155105579643,0.0632455532033676,"atom",0,0
1.5,0.001,1,"strict",-4.60517018598809,0.0632455532033676,"atom",0,0
1.5,0.001,1,"strict",-2.30258509299405,0.0632455532033676,"atom",0,0
1.5,0.001,1,"strict",-0.693147180559945,0.0632455532033676,"atom",0,0
1.5,0.001,1,"strict",-0.105360515657826,0.0632455532033676,"atom",0,0
1.5,0.001,1,"strict",-0.0100503358535015,0.0632455532033676,"mixture",7,8.88178419700125e-16
1.5,0.001,1,"strict",-1.00000050002909e-06,0.0632455532033676,"mixture",8,1.66444635851803e-11
1.5,0.001,1,"strict",-1e-12,0.0632455532033676,"mixture",11,3.5527136788005e-15
1.5,0.001,1,"strict",-1e-30,0.0632455532033676,"mixture",18,4.2632564145606e-14
1.5,0.001,1,"strict",-0.0632455432033676,0.0632455532033676,"mixture",9,0
1.5,0.001,1,"diagnostic",-27.6310211159285,0.0632455532033676,"atom",0,0
1.5,0.001,1,"diagnostic",-13.8155105579643,0.0632455532033676,"atom",0,0
1.5,0.001,1,"diagnostic",-4.60517018598809,0.0632455532033676,"atom",0,0
1.5,0.001,1,"diagnostic",-2.30258509299405,0.0632455532033676,"atom",0,0
1.5,0.001,1,"diagnostic",-0.693147180559945,0.0632455532033676,"atom",0,0
1.5,0.001,1,"diagnostic",-0.105360515657826,0.0632455532033676,"atom",0,0
1.5,0.001,1,"diagnostic",-0.0100503358535015,0.0632455532033676,"mixture",5,9.69127889050014e-10
1.5,0.001,1,"diagnostic",-1.00000050002909e-06,0.0632455532033676,"mixture",7,1.11306038519388e-06
1.5,0.001,1,"diagnostic",-1e-12,0.0632455532033676,"mixture",9,6.95753961110768e-08
1.5,0.001,1,"diagnostic",-1e-30,0.0632455532033676,"mixture",17,8.43059808630642e-08
1.5,0.001,1,"diagnostic",-0.0632455432033676,0.0632455532033676,"mixture",8,3.14138048906898e-10
1.5,0.001,1,"loose",-27.6310211159285,0.0632455532033676,"atom",0,0
1.5,0.001,1,"loose",-13.8155105579643,0.0632455532033676,"atom",0,0
1.5,0.001,1,"loose",-4.60517018598809,0.0632455532033676,"atom",0,0
1.5,0.001,1,"loose",-2.30258509299405,0.0632455532033676,"atom",0,0
1.5,0.001,1,"loose",-0.693147180559945,0.0632455532033676,"atom",0,0
1.5,0.001,1,"loose",-0.105360515657826,0.0632455532033676,"atom",0,0
1.5,0.001,1,"loose",-0.0100503358535015,0.0632455532033676,"mixture",4,1.65169683974398e-06
1.5,0.001,1,"loose",-1.00000050002909e-06,0.0632455532033676,"mixture",6,0.000222708396369953
1.5,0.001,1,"loose",-1e-12,0.0632455532033676,"mixture",8,0.000228644623085472
1.5,0.001,1,"loose",-1e-30,0.0632455532033676,"mixture",16,0.00010743859023421
1.5,0.001,1,"loose",-0.0632455432033676,0.0632455532033676,"mixture",7,3.14138048906898e-10
1.9,0.001,1,"strict",-27.6310211159285,5.01187233627272,"atom",0,0
1.9,0.001,1,"strict",-13.8155105579643,5.01187233627272,"atom",0,0
1.9,0.001,1,"strict",-4.60517018598809,5.01187233627272,"mixture",28,1.58006940864652e-12
1.9,0.001,1,"strict",-2.30258509299405,5.01187233627272,"mixture",28,1.33226762955019e-15
1.9,0.001,1,"strict",-0.693147180559945,5.01187233627272,"mixture",28,3.10862446895044e-15
1.9,0.001,1,"strict",-0.105360515657826,5.01187233627272,"mixture",28,1.33759670006839e-12
1.9,0.001,1,"strict",-0.0100503358535015,5.01187233627272,"mixture",28,6.25277607468888e-12
1.9,0.001,1,"strict",-1.00000050002909e-06,5.01187233627272,"mixture",32,7.105427357601e-15
1.9,0.001,1,"strict",-1e-12,5.01187233627272,"mixture",39,8.88178419700125e-14
1.9,0.001,1,"strict",-1e-30,5.01187233627272,"mixture",57,4.54747350886464e-12
1.9,0.001,1,"strict",-5.01187232627272,5.01187233627272,"mixture",37,1.4210854715202e-14
1.9,0.001,1,"diagnostic",-27.6310211159285,5.01187233627272,"atom",0,0
1.9,0.001,1,"diagnostic",-13.8155105579643,5.01187233627272,"atom",0,0
1.9,0.001,1,"diagnostic",-4.60517018598809,5.01187233627272,"mixture",23,1.58006940864652e-12
1.9,0.001,1,"diagnostic",-2.30258509299405,5.01187233627272,"mixture",21,6.99732614073412e-08
1.9,0.001,1,"diagnostic",-0.693147180559945,5.01187233627272,"mixture",21,1.16548704021113e-09
1.9,0.001,1,"diagnostic",-0.105360515657826,5.01187233627272,"mixture",21,1.23917558880748e-07
1.9,0.001,1,"diagnostic",-0.0100503358535015,5.01187233627272,"mixture",22,4.17139530917154e-07
1.9,0.001,1,"diagnostic",-1.00000050002909e-06,5.01187233627272,"mixture",28,8.43680503237465e-09
1.9,0.001,1,"diagnostic",-1e-12,5.01187233627272,"mixture",35,6.95987587562286e-08
1.9,0.001,1,"diagnostic",-1e-30,5.01187233627272,"mixture",54,4.2348347051302e-12
1.9,0.001,1,"diagnostic",-5.01187232627272,5.01187233627272,"mixture",33,1.86516011524418e-08
1.9,0.001,1,"loose",-27.6310211159285,5.01187233627272,"atom",0,0
1.9,0.001,1,"loose",-13.8155105579643,5.01187233627272,"atom",0,0
1.9,0.001,1,"loose",-4.60517018598809,5.01187233627272,"mixture",20,3.06258465698761e-07
1.9,0.001,1,"loose",-2.30258509299405,5.01187233627272,"mixture",18,8.79558617050691e-08
1.9,0.001,1,"loose",-0.693147180559945,5.01187233627272,"mixture",18,1.16550946671623e-09
1.9,0.001,1,"loose",-0.105360515657826,5.01187233627272,"mixture",18,4.22253432956765e-05
1.9,0.001,1,"loose",-0.0100503358535015,5.01187233627272,"mixture",19,7.00868358363138e-05
1.9,0.001,1,"loose",-1.00000050002909e-06,5.01187233627272,"mixture",25,1.34312430848382e-05
1.9,0.001,1,"loose",-1e-12,5.01187233627272,"mixture",33,6.97530455937567e-05
1.9,0.001,1,"loose",-1e-30,5.01187233627272,"mixture",52,2.15628316198035e-05
1.9,0.001,1,"loose",-5.01187232627272,5.01187233627272,"mixture",31,1.86516011524418e-08
1.99,0.001,1,"strict",-27.6310211159285,93.325430079699,"mixture",183,6.75015598972095e-14
1.99,0.001,1,"strict",-13.8155105579643,93.325430079699,"mixture",153,1.03668185147399e-11
1.99,0.001,1,"strict",-4.60517018598809,93.325430079699,"mixture",138,2.93098878501041e-14
1.99,0.001,1,"strict",-2.30258509299405,93.325430079699,"mixture",138,0
1.99,0.001,1,"strict",-0.693147180559945,93.325430079699,"mixture",138,1.11022302462516e-16
1.99,0.001,1,"strict",-0.105360515657826,93.325430079699,"mixture",138,6.85229650798647e-13
1.99,0.001,1,"strict",-0.0100503358535015,93.325430079699,"mixture",138,4.39648317751562e-13
1.99,0.001,1,"strict",-1.00000050002909e-06,93.325430079699,"mixture",153,1.77635683940025e-15
1.99,0.001,1,"strict",-1e-12,93.325430079699,"mixture",183,7.105427357601e-15
1.99,0.001,1,"strict",-1e-30,93.325430079699,"mixture",247,2.1316282072803e-13
1.99,0.001,1,"strict",-93.325430069699,93.325430079699,"underflow",287,1.13686837721616e-13
1.99,0.001,1,"diagnostic",-27.6310211159285,93.325430079699,"mixture",169,6.3948846218409e-14
1.99,0.001,1,"diagnostic",-13.8155105579643,93.325430079699,"mixture",137,2.9642066579072e-11
1.99,0.001,1,"diagnostic",-4.60517018598809,93.325430079699,"mixture",110,6.11883725909479e-08
1.99,0.001,1,"diagnostic",-2.30258509299405,93.325430079699,"mixture",103,9.03637165095006e-11
1.99,0.001,1,"diagnostic",-0.693147180559945,93.325430079699,"mixture",103,7.25115412159028e-10
1.99,0.001,1,"diagnostic",-0.105360515657826,93.325430079699,"mixture",103,8.71937388957633e-08
1.99,0.001,1,"diagnostic",-0.0100503358535015,93.325430079699,"mixture",110,5.22523129653507e-07
1.99,0.001,1,"diagnostic",-1.00000050002909e-06,93.325430079699,"mixture",137,3.41796924097082e-06
1.99,0.001,1,"diagnostic",-1e-12,93.325430079699,"mixture",169,1.70436109669936e-08
1.99,0.001,1,"diagnostic",-1e-30,93.325430079699,"mixture",238,4.52389136285092e-06
1.99,0.001,1,"diagnostic",-93.325430069699,93.325430079699,"underflow",281,1.13686837721616e-13
1.99,0.001,1,"loose",-27.6310211159285,93.325430079699,"mixture",159,2.53435779384859e-06
1.99,0.001,1,"loose",-13.8155105579643,93.325430079699,"mixture",125,1.05893160196047e-06
1.99,0.001,1,"loose",-4.60517018598809,93.325430079699,"mixture",95,3.83568296236092e-07
1.99,0.001,1,"loose",-2.30258509299405,93.325430079699,"mixture",86,2.37643660971898e-06
1.99,0.001,1,"loose",-0.693147180559945,93.325430079699,"mixture",86,4.36258885183616e-06
1.99,0.001,1,"loose",-0.105360515657826,93.325430079699,"mixture",86,3.56952344198191e-05
1.99,0.001,1,"loose",-0.0100503358535015,93.325430079699,"mixture",95,1.73753301524471e-06
1.99,0.001,1,"loose",-1.00000050002909e-06,93.325430079699,"mixture",125,3.41796923386539e-06
1.99,0.001,1,"loose",-1e-12,93.325430079699,"mixture",159,2.76555569485026e-05
1.99,0.001,1,"loose",-1e-30,93.325430079699,"mixture",232,4.52389136285092e-06
1.99,0.001,1,"loose",-93.325430069699,93.325430079699,"underflow",277,1.13686837721616e-13
1.9999,0.001,1,"strict",-27.6310211159285,9993.094630027,"mixture",1911,1.52198253999813e-11
1.9999,0.001,1,"strict",-13.8155105579643,9993.094630027,"mixture",1600,2.09094963565803e-11
1.9999,0.001,1,"strict",-4.60517018598809,9993.094630027,"mixture",1426,4.2188474935756e-13
1.9999,0.001,1,"strict",-2.30258509299405,9993.094630027,"mixture",1426,4.44089209850063e-16
1.9999,0.001,1,"strict",-0.693147180559945,9993.094630027,"mixture",1426,9.99200722162641e-16
1.9999,0.001,1,"strict",-0.105360515657826,9993.094630027,"mixture",1426,2.29594121492482e-12
1.9999,0.001,1,"strict",-0.0100503358535015,9993.094630027,"mixture",1426,1.73550063209404e-12
1.9999,0.001,1,"strict",-1.00000050002909e-06,9993.094630027,"mixture",1600,2.98236102480587e-10
1.9999,0.001,1,"strict",-1e-12,9993.094630027,"mixture",1911,3.5527136788005e-15
1.9999,0.001,1,"strict",-1e-30,9993.094630027,"mixture",2634,1.4210854715202e-14
1.9999,0.001,1,"strict",-9993.094630017,9993.094630027,"Poisson summation exceeds work limit",0,NA
1.9999,0.001,1,"diagnostic",-27.6310211159285,9993.094630027,"mixture",1762,3.46211947999109e-11
1.9999,0.001,1,"diagnostic",-13.8155105579643,9993.094630027,"mixture",1420,2.09077199997409e-11
1.9999,0.001,1,"diagnostic",-4.60517018598809,9993.094630027,"mixture",1139,2.29470043855429e-07
1.9999,0.001,1,"diagnostic",-2.30258509299405,9993.094630027,"mixture",1066,1.36577815723626e-09
1.9999,0.001,1,"diagnostic",-0.693147180559945,9993.094630027,"mixture",1066,1.18025755835305e-09
1.9999,0.001,1,"diagnostic",-0.105360515657826,9993.094630027,"mixture",1066,1.80990909370848e-07
1.9999,0.001,1,"diagnostic",-0.0100503358535015,9993.094630027,"mixture",1139,1.73816516735315e-12
1.9999,0.001,1,"diagnostic",-1.00000050002909e-06,9993.094630027,"mixture",1420,1.77865719308556e-06
1.9999,0.001,1,"diagnostic",-1e-12,9993.094630027,"mixture",1762,1.37995037619021e-08
1.9999,0.001,1,"diagnostic",-1e-30,9993.094630027,"mixture",2528,2.26069857944822e-07
1.9999,0.001,1,"diagnostic",-9993.094630017,9993.094630027,"Poisson summation exceeds work limit",0,NA
1.9999,0.001,1,"loose",-27.6310211159285,9993.094630027,"mixture",1656,1.22004338507509e-05
1.9999,0.001,1,"loose",-13.8155105579643,9993.094630027,"mixture",1287,6.73135833650917e-06
1.9999,0.001,1,"loose",-4.60517018598809,9993.094630027,"mixture",970,2.29471242008117e-07
1.9999,0.001,1,"loose",-2.30258509299405,9993.094630027,"mixture",884,9.99054795736143e-06
1.9999,0.001,1,"loose",-0.693147180559945,9993.094630027,"mixture",884,5.81814961264637e-06
1.9999,0.001,1,"loose",-0.105360515657826,9993.094630027,"mixture",884,5.66560848547226e-05
1.9999,0.001,1,"loose",-0.0100503358535015,9993.094630027,"mixture",970,3.46479820301226e-06
1.9999,0.001,1,"loose",-1.00000050002909e-06,9993.094630027,"mixture",1287,1.77865719308556e-06
1.9999,0.001,1,"loose",-1e-12,9993.094630027,"mixture",1656,2.40526875430191e-05
1.9999,0.001,1,"loose",-1e-30,9993.094630027,"mixture",2455,0.000701694510908624
1.9999,0.001,1,"loose",-9993.094630017,9993.094630027,"Poisson summation exceeds work limit",0,NA
1.01,1,1,"strict",-27.6310211159285,1.01010101010101,"atom",0,0
1.01,1,1,"strict",-13.8155105579643,1.01010101010101,"atom",0,0
1.01,1,1,"strict",-4.60517018598809,1.01010101010101,"atom",0,0
1.01,1,1,"strict",-2.30258509299405,1.01010101010101,"atom",0,0
1.01,1,1,"strict",-0.693147180559945,1.01010101010101,"mixture",14,6.1398663930845e-11
1.01,1,1,"strict",-0.105360515657826,1.01010101010101,"mixture",14,5.77315972805081e-15
1.01,1,1,"strict",-0.0100503358535015,1.01010101010101,"mixture",14,3.5527136788005e-15
1.01,1,1,"strict",-1.00000050002909e-06,1.01010101010101,"mixture",17,2.80556022858036e-10
1.01,1,1,"strict",-1e-12,1.01010101010101,"mixture",21,2.80451217804512e-10
1.01,1,1,"strict",-1e-30,1.01010101010101,"mixture",34,2.10155803870293e-09
1.01,1,1,"strict",-1.01010100010101,1.01010101010101,"mixture",19,3.14951620339343e-10
1.01,1,1,"diagnostic",-27.6310211159285,1.01010101010101,"atom",0,0
1.01,1,1,"diagnostic",-13.8155105579643,1.01010101010101,"atom",0,0
1.01,1,1,"diagnostic",-4.60517018598809,1.01010101010101,"atom",0,0
1.01,1,1,"diagnostic",-2.30258509299405,1.01010101010101,"atom",0,0
1.01,1,1,"diagnostic",-0.693147180559945,1.01010101010101,"mixture",10,1.55479189278829e-06
1.01,1,1,"diagnostic",-0.105360515657826,1.01010101010101,"mixture",10,1.11641309086252e-07
1.01,1,1,"diagnostic",-0.0100503358535015,1.01010101010101,"mixture",11,6.59889920484602e-09
1.01,1,1,"diagnostic",-1.00000050002909e-06,1.01010101010101,"mixture",14,2.54112002195939e-06
1.01,1,1,"diagnostic",-1e-12,1.01010101010101,"mixture",19,1.69734448718373e-09
1.01,1,1,"diagnostic",-1e-30,1.01010101010101,"mixture",32,7.00536872955126e-09
1.01,1,1,"diagnostic",-1.01010100010101,1.01010101010101,"mixture",16,2.80229793503395e-06
1.01,1,1,"loose",-27.6310211159285,1.01010101010101,"atom",0,0
1.01,1,1,"loose",-13.8155105579643,1.01010101010101,"atom",0,0
1.01,1,1,"loose",-4.60517018598809,1.01010101010101,"atom",0,0
1.01,1,1,"loose",-2.30258509299405,1.01010101010101,"atom",0,0
1.01,1,1,"loose",-0.693147180559945,1.01010101010101,"mixture",8,0.000104783162759192
1.01,1,1,"loose",-0.105360515657826,1.01010101010101,"mixture",8,3.77019891515395e-05
1.01,1,1,"loose",-0.0100503358535015,1.01010101010101,"mixture",9,1.47772977161509e-05
1.01,1,1,"loose",-1.00000050002909e-06,1.01010101010101,"mixture",13,0.000279243148415986
1.01,1,1,"loose",-1e-12,1.01010101010101,"mixture",18,0.000303576660176219
1.01,1,1,"loose",-1e-30,1.01010101010101,"mixture",30,1.9626897895364e-05
1.01,1,1,"loose",-1.01010100010101,1.01010101010101,"mixture",15,2.80229793503395e-06
1.1,1,1,"strict",-27.6310211159285,1.11111111111111,"atom",0,0
1.1,1,1,"strict",-13.8155105579643,1.11111111111111,"atom",0,0
1.1,1,1,"strict",-4.60517018598809,1.11111111111111,"atom",0,0
1.1,1,1,"strict",-2.30258509299405,1.11111111111111,"atom",0,0
1.1,1,1,"strict",-0.693147180559945,1.11111111111111,"mixture",15,6.66133814775094e-16
1.1,1,1,"strict",-0.105360515657826,1.11111111111111,"mixture",15,2.54019028034236e-12
1.1,1,1,"strict",-0.0100503358535015,1.11111111111111,"mixture",15,0
1.1,1,1,"strict",-1.00000050002909e-06,1.11111111111111,"mixture",17,8.10853606481032e-11
1.1,1,1,"strict",-1e-12,1.11111111111111,"mixture",22,1.4210854715202e-14
1.1,1,1,"strict",-1e-30,1.11111111111111,"mixture",35,1.58222235313588e-09
1.1,1,1,"strict",-1.11111110111111,1.11111111111111,"mixture",19,2.1316282072803e-14
1.1,1,1,"diagnostic",-27.6310211159285,1.11111111111111,"atom",0,0
1.1,1,1,"diagnostic",-13.8155105579643,1.11111111111111,"atom",0,0
1.1,1,1,"diagnostic",-4.60517018598809,1.11111111111111,"atom",0,0
1.1,1,1,"diagnostic",-2.30258509299405,1.11111111111111,"atom",0,0
1.1,1,1,"diagnostic",-0.693147180559945,1.11111111111111,"mixture",10,2.4192574166193e-08
1.1,1,1,"diagnostic",-0.105360515657826,1.11111111111111,"mixture",10,2.42441180020592e-07
1.1,1,1,"diagnostic",-0.0100503358535015,1.11111111111111,"mixture",11,3.18241477614833e-08
1.1,1,1,"diagnostic",-1.00000050002909e-06,1.11111111111111,"mixture",15,2.16878603964687e-09
1.1,1,1,"diagnostic",-1e-12,1.11111111111111,"mixture",20,2.99723623697901e-09
1.1,1,1,"diagnostic",-1e-30,1.11111111111111,"mixture",33,2.31518765758665e-06
1.1,1,1,"diagnostic",-1.11111110111111,1.11111111111111,"mixture",17,3.58157272728477e-08
1.1,1,1,"loose",-27.6310211159285,1.11111111111111,"atom",0,0
1.1,1,1,"loose",-13.8155105579643,1.11111111111111,"atom",0,0
1.1,1,1,"loose",-4.60517018598809,1.11111111111111,"atom",0,0
1.1,1,1,"loose",-2.30258509299405,1.11111111111111,"atom",0,0
1.1,1,1,"loose",-0.693147180559945,1.11111111111111,"mixture",8,3.61233490888679e-05
1.1,1,1,"loose",-0.105360515657826,1.11111111111111,"mixture",8,4.98089584288763e-05
1.1,1,1,"loose",-0.0100503358535015,1.11111111111111,"mixture",9,3.80987203367766e-05
1.1,1,1,"loose",-1.00000050002909e-06,1.11111111111111,"mixture",13,3.74794896114139e-05
1.1,1,1,"loose",-1e-12,1.11111111111111,"mixture",18,0.000447938826532379
1.1,1,1,"loose",-1e-30,1.11111111111111,"mixture",31,0.000104105922360986
1.1,1,1,"loose",-1.11111110111111,1.11111111111111,"mixture",15,0.000171820266093192
1.5,1,1,"strict",-27.6310211159285,2,"atom",0,0
1.5,1,1,"strict",-13.8155105579643,2,"atom",0,0
1.5,1,1,"strict",-4.60517018598809,2,"atom",0,0
1.5,1,1,"strict",-2.30258509299405,2,"atom",0,0
1.5,1,1,"strict",-0.693147180559945,2,"mixture",19,2.22044604925031e-16
1.5,1,1,"strict",-0.105360515657826,2,"mixture",19,1.16484599743671e-11
1.5,1,1,"strict",-0.0100503358535015,2,"mixture",19,1.09245945623115e-13
1.5,1,1,"strict",-1.00000050002909e-06,2,"mixture",21,1.69020353268934e-11
1.5,1,1,"strict",-1e-12,2,"mixture",27,1.16884280032536e-12
1.5,1,1,"strict",-1e-30,2,"mixture",41,2.14186002267525e-10
1.5,1,1,"strict",-1.99999999,2,"mixture",24,3.5527136788005e-15
1.5,1,1,"diagnostic",-27.6310211159285,2,"atom",0,0
1.5,1,1,"diagnostic",-13.8155105579643,2,"atom",0,0
1.5,1,1,"diagnostic",-4.60517018598809,2,"atom",0,0
1.5,1,1,"diagnostic",-2.30258509299405,2,"atom",0,0
1.5,1,1,"diagnostic",-0.693147180559945,2,"mixture",13,7.69972974268285e-11
1.5,1,1,"diagnostic",-0.105360515657826,2,"mixture",13,4.62247818244776e-07
1.5,1,1,"diagnostic",-0.0100503358535015,2,"mixture",14,5.16241538406348e-09
1.5,1,1,"diagnostic",-1.00000050002909e-06,2,"mixture",19,1.2456624602919e-06
1.5,1,1,"diagnostic",-1e-12,2,"mixture",24,7.00177352186415e-06
1.5,1,1,"diagnostic",-1e-30,2,"mixture",39,1.4210854715202e-14
1.5,1,1,"diagnostic",-1.99999999,2,"mixture",21,3.5527136788005e-15
1.5,1,1,"loose",-27.6310211159285,2,"atom",0,0
1.5,1,1,"loose",-13.8155105579643,2,"atom",0,0
1.5,1,1,"loose",-4.60517018598809,2,"atom",0,0
1.5,1,1,"loose",-2.30258509299405,2,"atom",0,0
1.5,1,1,"loose",-0.693147180559945,2,"mixture",11,1.27423518914149e-06
1.5,1,1,"loose",-0.105360515657826,2,"mixture",11,2.33708933290444e-05
1.5,1,1,"loose",-0.0100503358535015,2,"mixture",12,8.58521170696847e-05
1.5,1,1,"loose",-1.00000050002909e-06,2,"mixture",16,0.000398608171735759
1.5,1,1,"loose",-1e-12,2,"mixture",22,7.0035992649764e-06
1.5,1,1,"loose",-1e-30,2,"mixture",38,4.2632564145606e-14
1.5,1,1,"loose",-1.99999999,2,"mixture",19,3.5527136788005e-15
1.9,1,1,"strict",-27.6310211159285,9.99999999999999,"atom",0,0
1.9,1,1,"strict",-13.8155105579643,9.99999999999999,"atom",0,0
1.9,1,1,"strict",-4.60517018598809,9.99999999999999,"mixture",40,1.50990331349021e-14
1.9,1,1,"strict",-2.30258509299405,9.99999999999999,"mixture",40,2.59570143157362e-12
1.9,1,1,"strict",-0.693147180559945,9.99999999999999,"mixture",40,2.22044604925031e-16
1.9,1,1,"strict",-0.105360515657826,9.99999999999999,"mixture",40,3.10018677396329e-12
1.9,1,1,"strict",-0.0100503358535015,9.99999999999999,"mixture",40,7.84527998121121e-12
1.9,1,1,"strict",-1.00000050002909e-06,9.99999999999999,"mixture",44,2.46220821509269e-10
1.9,1,1,"strict",-1e-12,9.99999999999999,"mixture",53,9.2370555648813e-14
1.9,1,1,"strict",-1e-30,9.99999999999999,"mixture",75,3.02605940305511e-10
1.9,1,1,"strict",-9.99999998999999,9.99999999999999,"mixture",53,0
1.9,1,1,"diagnostic",-27.6310211159285,9.99999999999999,"atom",0,0
1.9,1,1,"diagnostic",-13.8155105579643,9.99999999999999,"atom",0,0
1.9,1,1,"diagnostic",-4.60517018598809,9.99999999999999,"mixture",33,1.50990331349021e-14
1.9,1,1,"diagnostic",-2.30258509299405,9.99999999999999,"mixture",31,1.60221350409273e-07
1.9,1,1,"diagnostic",-0.693147180559945,9.99999999999999,"mixture",31,3.25112159416108e-10
1.9,1,1,"diagnostic",-0.105360515657826,9.99999999999999,"mixture",31,2.14743206772283e-07
1.9,1,1,"diagnostic",-0.0100503358535015,9.99999999999999,"mixture",33,7.84883269489001e-12
1.9,1,1,"diagnostic",-1.00000050002909e-06,9.99999999999999,"mixture",40,1.99780140697214e-06
1.9,1,1,"diagnostic",-1e-12,9.99999999999999,"mixture",49,7.03685003600185e-08
1.9,1,1,"diagnostic",-1e-30,9.99999999999999,"mixture",72,0
1.9,1,1,"diagnostic",-9.99999998999999,9.99999999999999,"mixture",49,7.7697848155367e-12
1.9,1,1,"loose",-27.6310211159285,9.99999999999999,"atom",0,0
1.9,1,1,"loose",-13.8155105579643,9.99999999999999,"atom",0,0
1.9,1,1,"loose",-4.60517018598809,9.99999999999999,"mixture",29,3.53323915014414e-07
1.9,1,1,"loose",-2.30258509299405,9.99999999999999,"mixture",27,1.60217651146155e-07
1.9,1,1,"loose",-0.693147180559945,9.99999999999999,"mixture",27,2.69845209888153e-06
1.9,1,1,"loose",-0.105360515657826,9.99999999999999,"mixture",27,5.24259687111339e-05
1.9,1,1,"loose",-0.0100503358535015,9.99999999999999,"mixture",29,7.32148588422632e-06
1.9,1,1,"loose",-1.00000050002909e-06,9.99999999999999,"mixture",36,1.99780175691444e-06
1.9,1,1,"loose",-1e-12,9.99999999999999,"mixture",46,7.15130679616038e-05
1.9,1,1,"loose",-1e-30,9.99999999999999,"mixture",69,0.000326847149807463
1.9,1,1,"loose",-9.99999998999999,9.99999999999999,"mixture",46,7.89292617042747e-07
1.99,1,1,"strict",-27.6310211159285,99.9999999999999,"mixture",190,8.88178419700125e-14
1.99,1,1,"strict",-13.8155105579643,99.9999999999999,"mixture",160,2.30926389122033e-14
1.99,1,1,"strict",-4.60517018598809,99.9999999999999,"mixture",142,8.08242361927114e-14
1.99,1,1,"strict",-2.30258509299405,99.9999999999999,"mixture",142,0
1.99,1,1,"strict",-0.693147180559945,99.9999999999999,"mixture",142,3.33066907387547e-16
1.99,1,1,"strict",-0.105360515657826,99.9999999999999,"mixture",142,2.39097630583274e-12
1.99,1,1,"strict",-0.0100503358535015,99.9999999999999,"mixture",142,2.04103400847089e-12
1.99,1,1,"strict",-1.00000050002909e-06,99.9999999999999,"mixture",160,2.96209279326831e-10
1.99,1,1,"strict",-1e-12,99.9999999999999,"mixture",190,1.77635683940025e-14
1.99,1,1,"strict",-1e-30,99.9999999999999,"mixture",256,1.4210854715202e-14
1.99,1,1,"strict",-99.9999999899999,99.9999999999999,"underflow",305,9.9475983006414e-14
1.99,1,1,"diagnostic",-27.6310211159285,99.9999999999999,"mixture",175,8.88178419700125e-14
1.99,1,1,"diagnostic",-13.8155105579643,99.9999999999999,"mixture",142,3.21973274708398e-08
1.99,1,1,"diagnostic",-4.60517018598809,99.9999999999999,"mixture",114,8.08242361927114e-14
1.99,1,1,"diagnostic",-2.30258509299405,99.9999999999999,"mixture",107,3.74273945169534e-10
1.99,1,1,"diagnostic",-0.693147180559945,99.9999999999999,"mixture",107,1.05126163330027e-09
1.99,1,1,"diagnostic",-0.105360515657826,99.9999999999999,"mixture",107,1.85224627635705e-07
1.99,1,1,"diagnostic",-0.0100503358535015,99.9999999999999,"mixture",114,2.04192218689059e-12
1.99,1,1,"diagnostic",-1.00000050002909e-06,99.9999999999999,"mixture",142,1.79149084011954e-06
1.99,1,1,"diagnostic",-1e-12,99.9999999999999,"mixture",175,1.64248099565611e-08
1.99,1,1,"diagnostic",-1e-30,99.9999999999999,"mixture",247,1.35760359398773e-07
1.99,1,1,"diagnostic",-99.9999999899999,99.9999999999999,"underflow",299,9.9475983006414e-14
1.99,1,1,"loose",-27.6310211159285,99.9999999999999,"mixture",164,3.12715492967186e-06
1.99,1,1,"loose",-13.8155105579643,99.9999999999999,"mixture",129,3.21970112793224e-08
1.99,1,1,"loose",-4.60517018598809,99.9999999999999,"mixture",98,4.85925522930586e-07
1.99,1,1,"loose",-2.30258509299405,99.9999999999999,"mixture",89,5.32475329295679e-06
1.99,1,1,"loose",-0.693147180559945,99.9999999999999,"mixture",89,5.43198067803896e-06
1.99,1,1,"loose",-0.105360515657826,99.9999999999999,"mixture",89,5.60432782896747e-05
1.99,1,1,"loose",-0.0100503358535015,99.9999999999999,"mixture",98,3.75349679249126e-06
1.99,1,1,"loose",-1.00000050002909e-06,99.9999999999999,"mixture",129,1.79149083656682e-06
1.99,1,1,"loose",-1e-12,99.9999999999999,"mixture",164,2.70242341464666e-05
1.99,1,1,"loose",-1e-30,99.9999999999999,"mixture",240,0.000516705141308194
1.99,1,1,"loose",-99.9999999899999,99.9999999999999,"underflow",295,9.9475983006414e-14
1.9999,1,1,"strict",-27.6310211159285,10000.0000000011,"mixture",1911,1.47473144807009e-11
1.9999,1,1,"strict",-13.8155105579643,10000.0000000011,"mixture",1600,2.12025952350814e-11
1.9999,1,1,"strict",-4.60517018598809,10000.0000000011,"mixture",1427,4.30766533554561e-13
1.9999,1,1,"strict",-2.30258509299405,10000.0000000011,"mixture",1427,1.33226762955019e-15
1.9999,1,1,"strict",-0.693147180559945,10000.0000000011,"mixture",1427,7.7715611723761e-16
1.9999,1,1,"strict",-0.105360515657826,10000.0000000011,"mixture",1427,2.32258656751583e-12
1.9999,1,1,"strict",-0.0100503358535015,10000.0000000011,"mixture",1427,1.76214598468505e-12
1.9999,1,1,"strict",-1.00000050002909e-06,10000.0000000011,"mixture",1600,3.02602387591833e-10
1.9999,1,1,"strict",-1e-12,10000.0000000011,"mixture",1911,0
1.9999,1,1,"strict",-1e-30,10000.0000000011,"mixture",2635,1.4210854715202e-14
1.9999,1,1,"strict",-9999.9999999911,10000.0000000011,"Poisson summation exceeds work limit",0,NA
1.9999,1,1,"diagnostic",-27.6310211159285,10000.0000000011,"mixture",1763,3.51292328559794e-11
1.9999,1,1,"diagnostic",-13.8155105579643,10000.0000000011,"mixture",1421,2.12043715919208e-11
1.9999,1,1,"diagnostic",-4.60517018598809,10000.0000000011,"mixture",1139,2.31825018737197e-07
1.9999,1,1,"diagnostic",-2.30258509299405,10000.0000000011,"mixture",1066,1.38141098560141e-09
1.9999,1,1,"diagnostic",-0.693147180559945,10000.0000000011,"mixture",1066,1.18431564555266e-09
1.9999,1,1,"diagnostic",-0.105360515657826,10000.0000000011,"mixture",1066,1.82291453931782e-07
1.9999,1,1,"diagnostic",-0.0100503358535015,10000.0000000011,"mixture",1139,1.76214598468505e-12
1.9999,1,1,"diagnostic",-1.00000050002909e-06,10000.0000000011,"mixture",1421,1.76573598054119e-06
1.9999,1,1,"diagnostic",-1e-12,10000.0000000011,"mixture",1763,1.39365887719123e-08
1.9999,1,1,"diagnostic",-1e-30,10000.0000000011,"mixture",2528,2.17173223404643e-07
1.9999,1,1,"diagnostic",-9999.9999999911,10000.0000000011,"Poisson summation exceeds work limit",0,NA
1.9999,1,1,"loose",-27.6310211159285,10000.0000000011,"mixture",1656,1.23206940152443e-05
1.9999,1,1,"loose",-13.8155105579643,10000.0000000011,"mixture",1288,6.79543717474473e-06
1.9999,1,1,"loose",-4.60517018598809,10000.0000000011,"mixture",970,2.31826235541632e-07
1.9999,1,1,"loose",-2.30258509299405,10000.0000000011,"mixture",885,1.00580849884402e-05
1.9999,1,1,"loose",-0.693147180559945,10000.0000000011,"mixture",885,5.82994979747564e-06
1.9999,1,1,"loose",-0.105360515657826,10000.0000000011,"mixture",885,5.64075041200596e-05
1.9999,1,1,"loose",-0.0100503358535015,10000.0000000011,"mixture",970,3.49052891923662e-06
1.9999,1,1,"loose",-1.00000050002909e-06,10000.0000000011,"mixture",1288,1.76573597698848e-06
1.9999,1,1,"loose",-1e-12,10000.0000000011,"mixture",1656,2.42121031632792e-05
1.9999,1,1,"loose",-1e-30,10000.0000000011,"mixture",2455,0.000684982452526128
1.9999,1,1,"loose",-9999.9999999911,10000.0000000011,"Poisson summation exceeds work limit",0,NA
1.01,1000,1,"strict",-27.6310211159285,942.681111916153,"mixture",587,6.7029048977929e-10
1.01,1000,1,"strict",-13.8155105579643,942.681111916153,"mixture",492,1.67716507348814e-10
1.01,1000,1,"strict",-4.60517018598809,942.681111916153,"mixture",439,1.12954090525363e-10
1.01,1000,1,"strict",-2.30258509299405,942.681111916153,"mixture",439,3.37507799486048e-14
1.01,1000,1,"strict",-0.693147180559945,942.681111916153,"mixture",439,7.96729349161751e-12
1.01,1000,1,"strict",-0.105360515657826,942.681111916153,"mixture",439,3.25517390820096e-13
1.01,1000,1,"strict",-0.0100503358535015,942.681111916153,"mixture",439,9.50350909079134e-14
1.01,1000,1,"strict",-1.00000050002909e-06,942.681111916153,"mixture",492,1.04805053524615e-13
1.01,1000,1,"strict",-1e-12,942.681111916153,"mixture",587,2.48689957516035e-14
1.01,1000,1,"strict",-1e-30,942.681111916153,"mixture",808,3.90372179026599e-11
1.01,1000,1,"strict",-942.681111906153,942.681111916153,"mixture",2597,0
1.01,1000,1,"diagnostic",-27.6310211159285,942.681111916153,"mixture",542,1.69859876919531e-06
1.01,1000,1,"diagnostic",-13.8155105579643,942.681111916153,"mixture",437,8.76252987680459e-06
1.01,1000,1,"diagnostic",-4.60517018598809,942.681111916153,"mixture",351,2.04391099600798e-08
1.01,1000,1,"diagnostic",-2.30258509299405,942.681111916153,"mixture",328,2.02752179490062e-07
1.01,1000,1,"diagnostic",-0.693147180559945,942.681111916153,"mixture",328,9.14451560030116e-08
1.01,1000,1,"diagnostic",-0.105360515657826,942.681111916153,"mixture",328,1.33176556182946e-06
1.01,1000,1,"diagnostic",-0.0100503358535015,942.681111916153,"mixture",351,1.21236354289067e-12
1.01,1000,1,"diagnostic",-1.00000050002909e-06,942.681111916153,"mixture",437,6.52539355883164e-10
1.01,1000,1,"diagnostic",-1e-12,942.681111916153,"mixture",542,2.42209759804268e-06
1.01,1000,1,"diagnostic",-1e-30,942.681111916153,"mixture",775,7.52946220927697e-08
1.01,1000,1,"diagnostic",-942.681111906153,942.681111916153,"mixture",2590,5.95400706515647e-09
1.01,1000,1,"loose",-27.6310211159285,942.681111916153,"mixture",509,1.52766688188422e-13
1.01,1000,1,"loose",-13.8155105579643,942.681111916153,"mixture",396,1.4210854715202e-14
1.01,1000,1,"loose",-4.60517018598809,942.681111916153,"mixture",298,0.000563463731247715
1.01,1000,1,"loose",-2.30258509299405,942.681111916153,"mixture",272,0.000209476981204215
1.01,1000,1,"loose",-0.693147180559945,942.681111916153,"mixture",272,0.000486834100572708
1.01,1000,1,"loose",-0.105360515657826,942.681111916153,"mixture",272,0.000626039112905818
1.01,1000,1,"loose",-0.0100503358535015,942.681111916153,"mixture",298,2.14308573918132e-05
1.01,1000,1,"loose",-1.00000050002909e-06,942.681111916153,"mixture",396,1.77635683940025e-15
1.01,1000,1,"loose",-1e-12,942.681111916153,"mixture",509,0.000536241220718381
1.01,1000,1,"loose",-1e-30,942.681111916153,"mixture",753,1.4210854715202e-14
1.01,1000,1,"loose",-942.681111906153,942.681111916153,"mixture",2586,6.61852652683592e-05
1.1,1000,1,"strict",-27.6310211159285,556.874704030302,"mixture",451,3.37507799486048e-13
1.1,1000,1,"strict",-13.8155105579643,556.874704030302,"mixture",378,4.86721773995669e-13
1.1,1000,1,"strict",-4.60517018598809,556.874704030302,"mixture",337,4.88498130835069e-14
1.1,1000,1,"strict",-2.30258509299405,556.874704030302,"mixture",337,2.6025537280816e-10
1.1,1000,1,"strict",-0.693147180559945,556.874704030302,"mixture",337,2.10176320791788e-12
1.1,1000,1,"strict",-0.105360515657826,556.874704030302,"mixture",337,6.21724893790088e-15
1.1,1000,1,"strict",-0.0100503358535015,556.874704030302,"mixture",337,1.70716774050561e-11
1.1,1000,1,"strict",-1.00000050002909e-06,556.874704030302,"mixture",378,1.04805053524615e-13
1.1,1000,1,"strict",-1e-12,556.874704030302,"mixture",451,3.16191517413245e-13
1.1,1000,1,"strict",-1e-30,556.874704030302,"mixture",620,1.27897692436818e-13
1.1,1000,1,"strict",-556.874704020302,556.874704030302,"mixture",1548,0
1.1,1000,1,"diagnostic",-27.6310211159285,556.874704030302,"mixture",416,2.44998513920791e-07
1.1,1000,1,"diagnostic",-13.8155105579643,556.874704030302,"mixture",335,3.44854206346668e-06
1.1,1000,1,"diagnostic",-4.60517018598809,556.874704030302,"mixture",269,2.57828696170748e-07
1.1,1000,1,"diagnostic",-2.30258509299405,556.874704030302,"mixture",252,4.44906169594361e-06
1.1,1000,1,"diagnostic",-0.693147180559945,556.874704030302,"mixture",252,2.85187887749672e-08
1.1,1000,1,"diagnostic",-0.105360515657826,556.874704030302,"mixture",252,1.16418670259577e-08
1.1,1000,1,"diagnostic",-0.0100503358535015,556.874704030302,"mixture",269,1.00568442462645e-11
1.1,1000,1,"diagnostic",-1.00000050002909e-06,556.874704030302,"mixture",335,4.02918960418219e-07
1.1,1000,1,"diagnostic",-1e-12,556.874704030302,"mixture",416,1.52766688188422e-13
1.1,1000,1,"diagnostic",-1e-30,556.874704030302,"mixture",596,1.08773946294605e-07
1.1,1000,1,"diagnostic",-556.874704020302,556.874704030302,"mixture",1542,7.13343979441561e-08
1.1,1000,1,"loose",-27.6310211159285,556.874704030302,"mixture",391,2.79910604916722e-06
1.1,1000,1,"loose",-13.8155105579643,556.874704030302,"mixture",304,0.000994038810111064
1.1,1000,1,"loose",-4.60517018598809,556.874704030302,"mixture",230,0.000481902030414538
1.1,1000,1,"loose",-2.30258509299405,556.874704030302,"mixture",209,0.000874646017600345
1.1,1000,1,"loose",-0.693147180559945,556.874704030302,"mixture",209,0.000158447722245492
1.1,1000,1,"loose",-0.105360515657826,556.874704030302,"mixture",209,4.20300712242749e-05
1.1,1000,1,"loose",-0.0100503358535015,556.874704030302,"mixture",230,3.0574926680238e-05
1.1,1000,1,"loose",-1.00000050002909e-06,556.874704030302,"mixture",304,0.00071696645398589
1.1,1000,1,"loose",-1e-12,556.874704030302,"mixture",391,1.45167177940664e-05
1.1,1000,1,"loose",-1e-30,556.874704030302,"mixture",578,0.000212260081852378
1.1,1000,1,"loose",-556.874704020302,556.874704030302,"mixture",1537,7.15014979277839e-05
1.5,1000,1,"strict",-27.6310211159285,63.2455532033676,"mixture",149,1.43600686897116e-11
1.5,1000,1,"strict",-13.8155105579643,63.2455532033676,"mixture",127,8.58335624798201e-12
1.5,1000,1,"strict",-4.60517018598809,63.2455532033676,"mixture",113,4.29878355134861e-13
1.5,1000,1,"strict",-2.30258509299405,63.2455532033676,"mixture",113,2.44249065417534e-14
1.5,1000,1,"strict",-0.693147180559945,63.2455532033676,"mixture",113,5.45119505090952e-14
1.5,1000,1,"strict",-0.105360515657826,63.2455532033676,"mixture",113,6.21724893790088e-15
1.5,1000,1,"strict",-0.0100503358535015,63.2455532033676,"mixture",113,2.30038210702332e-13
1.5,1000,1,"strict",-1.00000050002909e-06,63.2455532033676,"mixture",127,3.93862720216021e-10
1.5,1000,1,"strict",-1e-12,63.2455532033676,"mixture",149,2.76045852842799e-12
1.5,1000,1,"strict",-1e-30,63.2455532033676,"mixture",194,2.43589681758749e-09
1.5,1000,1,"strict",-63.2455531933676,63.2455532033676,"mixture",205,0
1.5,1000,1,"diagnostic",-27.6310211159285,63.2455532033676,"mixture",138,6.67475354987346e-07
1.5,1000,1,"diagnostic",-13.8155105579643,63.2455532033676,"mixture",112,8.73612293617043e-12
1.5,1000,1,"diagnostic",-4.60517018598809,63.2455532033676,"mixture",90,2.39639019739002e-08
1.5,1000,1,"diagnostic",-2.30258509299405,63.2455532033676,"mixture",85,3.26302573405712e-07
1.5,1000,1,"diagnostic",-0.693147180559945,63.2455532033676,"mixture",85,1.34266694429286e-08
1.5,1000,1,"diagnostic",-0.105360515657826,63.2455532033676,"mixture",85,1.34272828855586e-07
1.5,1000,1,"diagnostic",-0.0100503358535015,63.2455532033676,"mixture",90,1.03753547975316e-08
1.5,1000,1,"diagnostic",-1.00000050002909e-06,63.2455532033676,"mixture",112,2.09821541119481e-06
1.5,1000,1,"diagnostic",-1e-12,63.2455532033676,"mixture",138,9.518489108018e-08
1.5,1000,1,"diagnostic",-1e-30,63.2455532033676,"mixture",188,4.15036538470304e-09
1.5,1000,1,"diagnostic",-63.2455531933676,63.2455532033676,"mixture",199,3.531681613822e-10
1.5,1000,1,"loose",-27.6310211159285,63.2455532033676,"mixture",131,6.67646894214613e-07
1.5,1000,1,"loose",-13.8155105579643,63.2455532033676,"mixture",103,8.82713385941258e-06
1.5,1000,1,"loose",-4.60517018598809,63.2455532033676,"mixture",77,0.000154678587980683
1.5,1000,1,"loose",-2.30258509299405,63.2455532033676,"mixture",71,0.000159982187688978
1.5,1000,1,"loose",-0.693147180559945,63.2455532033676,"mixture",71,8.8514806609874e-06
1.5,1000,1,"loose",-0.105360515657826,63.2455532033676,"mixture",71,0.000146778681458848
1.5,1000,1,"loose",-0.0100503358535015,63.2455532033676,"mixture",77,0.000300591753796375
1.5,1000,1,"loose",-1.00000050002909e-06,63.2455532033676,"mixture",103,2.06836659266685e-06
1.5,1000,1,"loose",-1e-12,63.2455532033676,"mixture",131,3.62376795237651e-13
1.5,1000,1,"loose",-1e-30,63.2455532033676,"mixture",183,0.000717259910999246
1.5,1000,1,"loose",-63.2455531933676,63.2455532033676,"mixture",195,3.531681613822e-10
1.9,1000,1,"strict",-27.6310211159285,19.9526231496888,"atom",0,0
1.9,1000,1,"strict",-13.8155105579643,19.9526231496888,"mixture",65,5.32907051820075e-15
1.9,1000,1,"strict",-4.60517018598809,19.9526231496888,"mixture",59,3.02868841117743e-13
1.9,1000,1,"strict",-2.30258509299405,19.9526231496888,"mixture",59,4.44089209850063e-16
1.9,1000,1,"strict",-0.693147180559945,19.9526231496888,"mixture",59,2.22044604925031e-16
1.9,1000,1,"strict",-0.105360515657826,19.9526231496888,"mixture",59,4.44089209850063e-16
1.9,1000,1,"strict",-0.0100503358535015,19.9526231496888,"mixture",59,5.92415005939984e-13
1.9,1000,1,"strict",-1.00000050002909e-06,19.9526231496888,"mixture",65,4.50590675882268e-11
1.9,1000,1,"strict",-1e-12,19.9526231496888,"mixture",76,3.5527136788005e-15
1.9,1000,1,"strict",-1e-30,19.9526231496888,"mixture",103,9.66338120633736e-13
1.9,1000,1,"strict",-19.9526231396888,19.9526231496888,"mixture",83,0
1.9,1000,1,"diagnostic",-27.6310211159285,19.9526231496888,"atom",0,0
1.9,1000,1,"diagnostic",-13.8155105579643,19.9526231496888,"mixture",59,1.304763710408e-07
1.9,1000,1,"diagnostic",-4.60517018598809,19.9526231496888,"mixture",50,3.02868841117743e-13
1.9,1000,1,"diagnostic",-2.30258509299405,19.9526231496888,"mixture",47,4.57540672016421e-10
1.9,1000,1,"diagnostic",-0.693147180559945,19.9526231496888,"mixture",47,4.45486691980079e-09
1.9,1000,1,"diagnostic",-0.105360515657826,19.9526231496888,"mixture",47,1.74514496187328e-08
1.9,1000,1,"diagnostic",-0.0100503358535015,19.9526231496888,"mixture",50,1.08916259122793e-07
1.9,1000,1,"diagnostic",-1.00000050002909e-06,19.9526231496888,"mixture",59,7.6444806040854e-10
1.9,1000,1,"diagnostic",-1e-12,19.9526231496888,"mixture",71,2.48379414813371e-08
1.9,1000,1,"diagnostic",-1e-30,19.9526231496888,"mixture",99,4.2632564145606e-14
1.9,1000,1,"diagnostic",-19.9526231396888,19.9526231496888,"mixture",79,2.05844230549701e-11
1.9,1000,1,"loose",-27.6310211159285,19.9526231496888,"atom",0,0
1.9,1000,1,"loose",-13.8155105579643,19.9526231496888,"mixture",55,1.99822624225021e-07
1.9,1000,1,"loose",-4.60517018598809,19.9526231496888,"mixture",43,1.20030162431561e-06
1.9,1000,1,"loose",-2.30258509299405,19.9526231496888,"mixture",40,4.78760994138128e-06
1.9,1000,1,"loose",-0.693147180559945,19.9526231496888,"mixture",40,1.26456916789142e-05
1.9,1000,1,"loose",-0.105360515657826,19.9526231496888,"mixture",40,3.97228041584263e-05
1.9,1000,1,"loose",-0.0100503358535015,19.9526231496888,"mixture",43,5.49179820312773e-05
1.9,1000,1,"loose",-1.00000050002909e-06,19.9526231496888,"mixture",55,1.23739226758346e-05
1.9,1000,1,"loose",-1e-12,19.9526231496888,"mixture",67,0.000131238430537195
1.9,1000,1,"loose",-1e-30,19.9526231496888,"mixture",96,1.00953531756431e-05
1.9,1000,1,"loose",-19.9526231396888,19.9526231496888,"mixture",75,2.05844230549701e-11
1.99,1000,1,"strict",-27.6310211159285,107.151930523761,"mixture",196,4.58655335933145e-12
1.99,1000,1,"strict",-13.8155105579643,107.151930523761,"mixture",165,3.87245790989255e-13
1.99,1000,1,"strict",-4.60517018598809,107.151930523761,"mixture",148,1.4210854715202e-13
1.99,1000,1,"strict",-2.30258509299405,107.151930523761,"mixture",148,8.88178419700125e-16
1.99,1000,1,"strict",-0.693147180559945,107.151930523761,"mixture",148,7.7715611723761e-16
1.99,1000,1,"strict",-0.105360515657826,107.151930523761,"mixture",148,7.48645589965236e-12
1.99,1000,1,"strict",-0.0100503358535015,107.151930523761,"mixture",148,8.32844904152807e-12
1.99,1000,1,"strict",-1.00000050002909e-06,107.151930523761,"mixture",165,1.0893508317622e-10
1.99,1000,1,"strict",-1e-12,107.151930523761,"mixture",196,4.9737991503207e-14
1.99,1000,1,"strict",-1e-30,107.151930523761,"mixture",266,5.46364731235371e-10
1.99,1000,1,"strict",-107.151930513761,107.151930523761,"underflow",325,8.5265128291212e-14
1.99,1000,1,"diagnostic",-27.6310211159285,107.151930523761,"mixture",181,4.59010607301025e-12
1.99,1000,1,"diagnostic",-13.8155105579643,107.151930523761,"mixture",146,1.72989127023015e-07
1.99,1000,1,"diagnostic",-4.60517018598809,107.151930523761,"mixture",118,5.88789470512552e-08
1.99,1000,1,"diagnostic",-2.30258509299405,107.151930523761,"mixture",111,1.7976916399931e-08
1.99,1000,1,"diagnostic",-0.693147180559945,107.151930523761,"mixture",111,1.46513279286609e-09
1.99,1000,1,"diagnostic",-0.105360515657826,107.151930523761,"mixture",111,3.6888160881432e-07
1.99,1000,1,"diagnostic",-0.0100503358535015,107.151930523761,"mixture",118,8.32844904152807e-12
1.99,1000,1,"diagnostic",-1.00000050002909e-06,107.151930523761,"mixture",146,7.59686386686553e-07
1.99,1000,1,"diagnostic",-1e-12,107.151930523761,"mixture",181,3.91103327501696e-08
1.99,1000,1,"diagnostic",-1e-30,107.151930523761,"mixture",256,5.88329385209363e-12
1.99,1000,1,"diagnostic",-107.151930513761,107.151930523761,"underflow",319,8.5265128291212e-14
1.99,1000,1,"loose",-27.6310211159285,107.151930523761,"mixture",170,1.03853918886898e-06
1.99,1000,1,"loose",-13.8155105579643,107.151930523761,"mixture",133,1.72987355995247e-07
1.99,1000,1,"loose",-4.60517018598809,107.151930523761,"mixture",101,4.53333766081698e-07
1.99,1000,1,"loose",-2.30258509299405,107.151930523761,"mixture",92,1.79812258416234e-08
1.99,1000,1,"loose",-0.693147180559945,107.151930523761,"mixture",92,6.60714573530452e-06
1.99,1000,1,"loose",-0.105360515657826,107.151930523761,"mixture",92,2.44269016880239e-05
1.99,1000,1,"loose",-0.0100503358535015,107.151930523761,"mixture",101,7.60766075469377e-06
1.99,1000,1,"loose",-1.00000050002909e-06,107.151930523761,"mixture",133,7.59686402673765e-07
1.99,1000,1,"loose",-1e-12,107.151930523761,"mixture",170,4.82674807535943e-05
1.99,1000,1,"loose",-1e-30,107.151930523761,"mixture",249,1.88568010486279e-05
1.99,1000,1,"loose",-107.151930513761,107.151930523761,"underflow",315,8.5265128291212e-14
1.9999,1000,1,"strict",-27.6310211159285,10006.9101416837,"mixture",1913,1.4264145420384e-11
1.9999,1000,1,"strict",-13.8155105579643,10006.9101416837,"mixture",1602,2.14974704704218e-11
1.9999,1000,1,"strict",-4.60517018598809,10006.9101416837,"mixture",1427,4.34319247233361e-13
1.9999,1000,1,"strict",-2.30258509299405,10006.9101416837,"mixture",1427,4.44089209850063e-16
1.9999,1000,1,"strict",-0.693147180559945,10006.9101416837,"mixture",1427,1.11022302462516e-16
1.9999,1000,1,"strict",-0.105360515657826,10006.9101416837,"mixture",1427,2.35278463378563e-12
1.9999,1000,1,"strict",-0.0100503358535015,10006.9101416837,"mixture",1427,1.78790315885635e-12
1.9999,1000,1,"strict",-1.00000050002909e-06,10006.9101416837,"mixture",1602,3.06943803707327e-10
1.9999,1000,1,"strict",-1e-12,10006.9101416837,"mixture",1913,3.5527136788005e-15
1.9999,1000,1,"strict",-1e-30,10006.9101416837,"mixture",2636,1.4210854715202e-14
1.9999,1000,1,"strict",-10006.9101416737,10006.9101416837,"Poisson summation exceeds work limit",0,NA
1.9999,1000,1,"diagnostic",-27.6310211159285,10006.9101416837,"mixture",1764,3.56479290530842e-11
1.9999,1000,1,"diagnostic",-13.8155105579643,10006.9101416837,"mixture",1421,2.14992468272612e-11
1.9999,1000,1,"diagnostic",-4.60517018598809,10006.9101416837,"mixture",1140,2.34202001792028e-07
1.9999,1000,1,"diagnostic",-2.30258509299405,10006.9101416837,"mixture",1066,1.39720368608209e-09
1.9999,1000,1,"diagnostic",-0.693147180559945,10006.9101416837,"mixture",1066,1.18838527907172e-09
1.9999,1000,1,"diagnostic",-0.105360515657826,10006.9101416837,"mixture",1066,1.83600183056853e-07
1.9999,1000,1,"diagnostic",-0.0100503358535015,10006.9101416837,"mixture",1140,1.78701498043665e-12
1.9999,1000,1,"diagnostic",-1.00000050002909e-06,10006.9101416837,"mixture",1421,1.75287246051425e-06
1.9999,1000,1,"diagnostic",-1e-12,10006.9101416837,"mixture",1764,1.40747253851714e-08
1.9999,1000,1,"diagnostic",-1e-30,10006.9101416837,"mixture",2530,2.08592140893415e-07
1.9999,1000,1,"diagnostic",-10006.9101416737,10006.9101416837,"Poisson summation exceeds work limit",0,NA
1.9999,1000,1,"loose",-27.6310211159285,10006.9101416837,"mixture",1657,1.24415954694257e-05
1.9999,1000,1,"loose",-13.8155105579643,10006.9101416837,"mixture",1288,6.85983998849338e-06
1.9999,1000,1,"loose",-4.60517018598809,10006.9101416837,"mixture",971,2.34203217708284e-07
1.9999,1000,1,"loose",-2.30258509299405,10006.9101416837,"mixture",885,1.01260259106617e-05
1.9999,1000,1,"loose",-0.693147180559945,10006.9101416837,"mixture",885,5.84175727069702e-06
1.9999,1000,1,"loose",-0.105360515657826,10006.9101416837,"mixture",885,5.61576949404952e-05
1.9999,1000,1,"loose",-0.0100503358535015,10006.9101416837,"mixture",971,3.51642791329709e-06
1.9999,1000,1,"loose",-1.00000050002909e-06,10006.9101416837,"mixture",1288,1.75287246229061e-06
1.9999,1000,1,"loose",-1e-12,10006.9101416837,"mixture",1657,2.43722358526099e-05
1.9999,1000,1,"loose",-1e-30,10006.9101416837,"mixture",2456,0.000668601885038811
1.9999,1000,1,"loose",-10006.9101416737,10006.9101416837,"Poisson summation exceeds work limit",0,NA
1.01,0.001,100,"strict",-27.6310211159285,1.08234273256324e-05,"atom",0,0
1.01,0.001,100,"strict",-13.8155105579643,1.08234273256324e-05,"atom",0,0
1.01,0.001,100,"strict",-4.60517018598809,1.08234273256324e-05,"atom",0,0
1.01,0.001,100,"strict",-2.30258509299405,1.08234273256324e-05,"atom",0,0
1.01,0.001,100,"strict",-0.693147180559945,1.08234273256324e-05,"atom",0,0
1.01,0.001,100,"strict",-0.105360515657826,1.08234273256324e-05,"atom",0,0
1.01,0.001,100,"strict",-0.0100503358535015,1.08234273256324e-05,"atom",0,0
1.01,0.001,100,"strict",-1.00000050002909e-06,1.08234273256324e-05,"mixture",2,1.50990331349021e-13
1.01,0.001,100,"strict",-1e-12,1.08234273256324e-05,"mixture",3,1.06581410364015e-14
1.01,0.001,100,"strict",-1e-30,1.08234273256324e-05,"mixture",7,1.6832046867421e-09
1.01,0.001,100,"strict",-1.08134273256324e-05,1.08234273256324e-05,"mixture",3,9.59232693276135e-14
1.01,0.001,100,"diagnostic",-27.6310211159285,1.08234273256324e-05,"atom",0,0
1.01,0.001,100,"diagnostic",-13.8155105579643,1.08234273256324e-05,"atom",0,0
1.01,0.001,100,"diagnostic",-4.60517018598809,1.08234273256324e-05,"atom",0,0
1.01,0.001,100,"diagnostic",-2.30258509299405,1.08234273256324e-05,"atom",0,0
1.01,0.001,100,"diagnostic",-0.693147180559945,1.08234273256324e-05,"atom",0,0
1.01,0.001,100,"diagnostic",-0.105360515657826,1.08234273256324e-05,"atom",0,0
1.01,0.001,100,"diagnostic",-0.0100503358535015,1.08234273256324e-05,"atom",0,0
1.01,0.001,100,"diagnostic",-1.00000050002909e-06,1.08234273256324e-05,"mixture",2,4.22639825359283e-08
1.01,0.001,100,"diagnostic",-1e-12,1.08234273256324e-05,"mixture",3,2.26986323070832e-08
1.01,0.001,100,"diagnostic",-1e-30,1.08234273256324e-05,"mixture",6,1.18380683034047e-09
1.01,0.001,100,"diagnostic",-1.08134273256324e-05,1.08234273256324e-05,"mixture",2,4.87517155534078e-08
1.01,0.001,100,"loose",-27.6310211159285,1.08234273256324e-05,"atom",0,0
1.01,0.001,100,"loose",-13.8155105579643,1.08234273256324e-05,"atom",0,0
1.01,0.001,100,"loose",-4.60517018598809,1.08234273256324e-05,"atom",0,0
1.01,0.001,100,"loose",-2.30258509299405,1.08234273256324e-05,"atom",0,0
1.01,0.001,100,"loose",-0.693147180559945,1.08234273256324e-05,"atom",0,0
1.01,0.001,100,"loose",-0.105360515657826,1.08234273256324e-05,"atom",0,0
1.01,0.001,100,"loose",-0.0100503358535015,1.08234273256324e-05,"atom",0,0
1.01,0.001,100,"loose",-1.00000050002909e-06,1.08234273256324e-05,"mixture",1,5.43784758022525e-06
1.01,0.001,100,"loose",-1e-12,1.08234273256324e-05,"mixture",3,6.4675648012269e-05
1.01,0.001,100,"loose",-1e-30,1.08234273256324e-05,"mixture",6,0.000119850328971438
1.01,0.001,100,"loose",-1.08134273256324e-05,1.08234273256324e-05,"mixture",2,5.2681816651301e-05
1.1,0.001,100,"strict",-27.6310211159285,2.2169581277432e-05,"atom",0,0
1.1,0.001,100,"strict",-13.8155105579643,2.2169581277432e-05,"atom",0,0
1.1,0.001,100,"strict",-4.60517018598809,2.2169581277432e-05,"atom",0,0
1.1,0.001,100,"strict",-2.30258509299405,2.2169581277432e-05,"atom",0,0
1.1,0.001,100,"strict",-0.693147180559945,2.2169581277432e-05,"atom",0,0
1.1,0.001,100,"strict",-0.105360515657826,2.2169581277432e-05,"atom",0,0
1.1,0.001,100,"strict",-0.0100503358535015,2.2169581277432e-05,"atom",0,0
1.1,0.001,100,"strict",-1.00000050002909e-06,2.2169581277432e-05,"mixture",3,1.61879398774545e-11
1.1,0.001,100,"strict",-1e-12,2.2169581277432e-05,"mixture",4,6.08224581810646e-12
1.1,0.001,100,"strict",-1e-30,2.2169581277432e-05,"mixture",7,9.09494701772928e-13
1.1,0.001,100,"strict",-2.2159581277432e-05,2.2169581277432e-05,"mixture",3,3.5527136788005e-15
1.1,0.001,100,"diagnostic",-27.6310211159285,2.2169581277432e-05,"atom",0,0
1.1,0.001,100,"diagnostic",-13.8155105579643,2.2169581277432e-05,"atom",0,0
1.1,0.001,100,"diagnostic",-4.60517018598809,2.2169581277432e-05,"atom",0,0
1.1,0.001,100,"diagnostic",-2.30258509299405,2.2169581277432e-05,"atom",0,0
1.1,0.001,100,"diagnostic",-0.693147180559945,2.2169581277432e-05,"atom",0,0
1.1,0.001,100,"diagnostic",-0.105360515657826,2.2169581277432e-05,"atom",0,0
1.1,0.001,100,"diagnostic",-0.0100503358535015,2.2169581277432e-05,"atom",0,0
1.1,0.001,100,"diagnostic",-1.00000050002909e-06,2.2169581277432e-05,"mixture",2,1.53086432419514e-11
1.1,0.001,100,"diagnostic",-1e-12,2.2169581277432e-05,"mixture",3,8.29456286766117e-07
1.1,0.001,100,"diagnostic",-1e-30,2.2169581277432e-05,"mixture",6,1.5475620784855e-11
1.1,0.001,100,"diagnostic",-2.2159581277432e-05,2.2169581277432e-05,"mixture",2,8.15669309872646e-09
1.1,0.001,100,"loose",-27.6310211159285,2.2169581277432e-05,"atom",0,0
1.1,0.001,100,"loose",-13.8155105579643,2.2169581277432e-05,"atom",0,0
1.1,0.001,100,"loose",-4.60517018598809,2.2169581277432e-05,"atom",0,0
1.1,0.001,100,"loose",-2.30258509299405,2.2169581277432e-05,"atom",0,0
1.1,0.001,100,"loose",-0.693147180559945,2.2169581277432e-05,"atom",0,0
1.1,0.001,100,"loose",-0.105360515657826,2.2169581277432e-05,"atom",0,0
1.1,0.001,100,"loose",-0.0100503358535015,2.2169581277432e-05,"atom",0,0
1.1,0.001,100,"loose",-1.00000050002909e-06,2.2169581277432e-05,"mixture",2,8.99585866598329e-06
1.1,0.001,100,"loose",-1e-12,2.2169581277432e-05,"mixture",3,0.000443616952839676
1.1,0.001,100,"loose",-1e-30,2.2169581277432e-05,"mixture",6,2.17952884469241e-05
1.1,0.001,100,"loose",-2.2159581277432e-05,2.2169581277432e-05,"mixture",2,5.14713370272091e-05
1.5,0.001,100,"strict",-27.6310211159285,0.000632455532033676,"atom",0,0
1.5,0.001,100,"strict",-13.8155105579643,0.000632455532033676,"atom",0,0
1.5,0.001,100,"strict",-4.60517018598809,0.000632455532033676,"atom",0,0
1.5,0.001,100,"strict",-2.30258509299405,0.000632455532033676,"atom",0,0
1.5,0.001,100,"strict",-0.693147180559945,0.000632455532033676,"atom",0,0
1.5,0.001,100,"strict",-0.105360515657826,0.000632455532033676,"atom",0,0
1.5,0.001,100,"strict",-0.0100503358535015,0.000632455532033676,"atom",0,0
1.5,0.001,100,"strict",-1.00000050002909e-06,0.000632455532033676,"mixture",4,2.36255459640233e-12
1.5,0.001,100,"strict",-1e-12,0.000632455532033676,"mixture",5,1.77635683940025e-14
1.5,0.001,100,"strict",-1e-30,0.000632455532033676,"mixture",10,4.2632564145606e-14
1.5,0.001,100,"strict",-0.000632445532033676,0.000632455532033676,"mixture",4,2.44746445332567e-11
1.5,0.001,100,"diagnostic",-27.6310211159285,0.000632455532033676,"atom",0,0
1.5,0.001,100,"diagnostic",-13.8155105579643,0.000632455532033676,"atom",0,0
1.5,0.001,100,"diagnostic",-4.60517018598809,0.000632455532033676,"atom",0,0
1.5,0.001,100,"diagnostic",-2.30258509299405,0.000632455532033676,"atom",0,0
1.5,0.001,100,"diagnostic",-0.693147180559945,0.000632455532033676,"atom",0,0
1.5,0.001,100,"diagnostic",-0.105360515657826,0.000632455532033676,"atom",0,0
1.5,0.001,100,"diagnostic",-0.0100503358535015,0.000632455532033676,"atom",0,0
1.5,0.001,100,"diagnostic",-1.00000050002909e-06,0.000632455532033676,"mixture",3,2.78337413561758e-07
1.5,0.001,100,"diagnostic",-1e-12,0.000632455532033676,"mixture",5,1.3409702859235e-07
1.5,0.001,100,"diagnostic",-1e-30,0.000632455532033676,"mixture",9,2.18483791059043e-08
1.5,0.001,100,"diagnostic",-0.000632445532033676,0.000632455532033676,"mixture",4,2.44746445332567e-11
1.5,0.001,100,"loose",-27.6310211159285,0.000632455532033676,"atom",0,0
1.5,0.001,100,"loose",-13.8155105579643,0.000632455532033676,"atom",0,0
1.5,0.001,100,"loose",-4.60517018598809,0.000632455532033676,"atom",0,0
1.5,0.001,100,"loose",-2.30258509299405,0.000632455532033676,"atom",0,0
1.5,0.001,100,"loose",-0.693147180559945,0.000632455532033676,"atom",0,0
1.5,0.001,100,"loose",-0.105360515657826,0.000632455532033676,"atom",0,0
1.5,0.001,100,"loose",-0.0100503358535015,0.000632455532033676,"atom",0,0
1.5,0.001,100,"loose",-1.00000050002909e-06,0.000632455532033676,"mixture",2,0.000109513421991281
1.5,0.001,100,"loose",-1e-12,0.000632455532033676,"mixture",4,9.08805635226884e-05
1.5,0.001,100,"loose",-1e-30,0.000632455532033676,"mixture",8,4.27197400370005e-05
1.5,0.001,100,"loose",-0.000632445532033676,0.000632455532033676,"mixture",3,2.20257907379562e-05
1.9,0.001,100,"strict",-27.6310211159285,0.0501187233627272,"atom",0,0
1.9,0.001,100,"strict",-13.8155105579643,0.0501187233627272,"atom",0,0
1.9,0.001,100,"strict",-4.60517018598809,0.0501187233627272,"atom",0,0
1.9,0.001,100,"strict",-2.30258509299405,0.0501187233627272,"atom",0,0
1.9,0.001,100,"strict",-0.693147180559945,0.0501187233627272,"atom",0,0
1.9,0.001,100,"strict",-0.105360515657826,0.0501187233627272,"atom",0,0
1.9,0.001,100,"strict",-0.0100503358535015,0.0501187233627272,"mixture",6,3.99680288865056e-14
1.9,0.001,100,"strict",-1.00000050002909e-06,0.0501187233627272,"mixture",8,2.06057393370429e-13
1.9,0.001,100,"strict",-1e-12,0.0501187233627272,"mixture",10,1.4210854715202e-14
1.9,0.001,100,"strict",-1e-30,0.0501187233627272,"mixture",17,6.3664629124105e-12
1.9,0.001,100,"strict",-0.0501187133627272,0.0501187233627272,"mixture",8,1.27542421068938e-12
1.9,0.001,100,"diagnostic",-27.6310211159285,0.0501187233627272,"atom",0,0
1.9,0.001,100,"diagnostic",-13.8155105579643,0.0501187233627272,"atom",0,0
1.9,0.001,100,"diagnostic",-4.60517018598809,0.0501187233627272,"atom",0,0
1.9,0.001,100,"diagnostic",-2.30258509299405,0.0501187233627272,"atom",0,0
1.9,0.001,100,"diagnostic",-0.693147180559945,0.0501187233627272,"atom",0,0
1.9,0.001,100,"diagnostic",-0.105360515657826,0.0501187233627272,"atom",0,0
1.9,0.001,100,"diagnostic",-0.0100503358535015,0.0501187233627272,"mixture",4,3.90798504668055e-14
1.9,0.001,100,"diagnostic",-1.00000050002909e-06,0.0501187233627272,"mixture",6,9.60267065863718e-09
1.9,0.001,100,"diagnostic",-1e-12,0.0501187233627272,"mixture",9,3.7180534206982e-09
1.9,0.001,100,"diagnostic",-1e-30,0.0501187233627272,"mixture",16,1.24468098761099e-06
1.9,0.001,100,"diagnostic",-0.0501187133627272,0.0501187233627272,"mixture",7,1.27542421068938e-12
1.9,0.001,100,"loose",-27.6310211159285,0.0501187233627272,"atom",0,0
1.9,0.001,100,"loose",-13.8155105579643,0.0501187233627272,"atom",0,0
1.9,0.001,100,"loose",-4.60517018598809,0.0501187233627272,"atom",0,0
1.9,0.001,100,"loose",-2.30258509299405,0.0501187233627272,"atom",0,0
1.9,0.001,100,"loose",-0.693147180559945,0.0501187233627272,"atom",0,0
1.9,0.001,100,"loose",-0.105360515657826,0.0501187233627272,"atom",0,0
1.9,0.001,100,"loose",-0.0100503358535015,0.0501187233627272,"mixture",3,2.69433250821294e-07
1.9,0.001,100,"loose",-1.00000050002909e-06,0.0501187233627272,"mixture",5,2.59503818718088e-05
1.9,0.001,100,"loose",-1e-12,0.0501187233627272,"mixture",8,3.75910562020465e-05
1.9,0.001,100,"loose",-1e-30,0.0501187233627272,"mixture",16,0.000631176468687045
1.9,0.001,100,"loose",-0.0501187133627272,0.0501187233627272,"mixture",6,2.55025987883073e-06
1.99,0.001,100,"strict",-27.6310211159285,0.93325430079699,"atom",0,0
1.99,0.001,100,"strict",-13.8155105579643,0.93325430079699,"atom",0,0
1.99,0.001,100,"strict",-4.60517018598809,0.93325430079699,"atom",0,0
1.99,0.001,100,"strict",-2.30258509299405,0.93325430079699,"atom",0,0
1.99,0.001,100,"strict",-0.693147180559945,0.93325430079699,"mixture",14,0
1.99,0.001,100,"strict",-0.105360515657826,0.93325430079699,"mixture",14,4.44089209850063e-16
1.99,0.001,100,"strict",-0.0100503358535015,0.93325430079699,"mixture",14,8.88178419700125e-16
1.99,0.001,100,"strict",-1.00000050002909e-06,0.93325430079699,"mixture",16,7.38964445190504e-13
1.99,0.001,100,"strict",-1e-12,0.93325430079699,"mixture",21,1.77635683940025e-14
1.99,0.001,100,"strict",-1e-30,0.93325430079699,"mixture",33,4.54747350886464e-12
1.99,0.001,100,"strict",-0.93325429079699,0.93325430079699,"underflow",18,3.5527136788005e-15
1.99,0.001,100,"diagnostic",-27.6310211159285,0.93325430079699,"atom",0,0
1.99,0.001,100,"diagnostic",-13.8155105579643,0.93325430079699,"atom",0,0
1.99,0.001,100,"diagnostic",-4.60517018598809,0.93325430079699,"atom",0,0
1.99,0.001,100,"diagnostic",-2.30258509299405,0.93325430079699,"atom",0,0
1.99,0.001,100,"diagnostic",-0.693147180559945,0.93325430079699,"mixture",10,3.40071082405302e-10
1.99,0.001,100,"diagnostic",-0.105360515657826,0.93325430079699,"mixture",10,8.43964453878243e-10
1.99,0.001,100,"diagnostic",-0.0100503358535015,0.93325430079699,"mixture",10,4.74972043917887e-08
1.99,0.001,100,"diagnostic",-1.00000050002909e-06,0.93325430079699,"mixture",14,2.30640555543005e-08
1.99,0.001,100,"diagnostic",-1e-12,0.93325430079699,"mixture",19,6.70815325065632e-07
1.99,0.001,100,"diagnostic",-1e-30,0.93325430079699,"mixture",31,5.91171556152403e-12
1.99,0.001,100,"diagnostic",-0.93325429079699,0.93325430079699,"underflow",16,3.5527136788005e-15
1.99,0.001,100,"loose",-27.6310211159285,0.93325430079699,"atom",0,0
1.99,0.001,100,"loose",-13.8155105579643,0.93325430079699,"atom",0,0
1.99,0.001,100,"loose",-4.60517018598809,0.93325430079699,"atom",0,0
1.99,0.001,100,"loose",-2.30258509299405,0.93325430079699,"atom",0,0
1.99,0.001,100,"loose",-0.693147180559945,0.93325430079699,"mixture",8,3.40057315639797e-10
1.99,0.001,100,"loose",-0.105360515657826,0.93325430079699,"mixture",8,9.70757837670533e-07
1.99,0.001,100,"loose",-0.0100503358535015,0.93325430079699,"mixture",9,4.74974832798125e-08
1.99,0.001,100,"loose",-1.00000050002909e-06,0.93325430079699,"mixture",12,2.3064060883371e-08
1.99,0.001,100,"loose",-1e-12,0.93325430079699,"mixture",17,0.000196332358694207
1.99,0.001,100,"loose",-1e-30,0.93325430079699,"mixture",30,2.05813309150926e-05
1.99,0.001,100,"loose",-0.93325429079699,0.93325430079699,"underflow",14,1.13205480545275e-08
1.9999,0.001,100,"strict",-27.6310211159285,99.93094630027,"underflow",189,3.5527136788005e-15
1.9999,0.001,100,"strict",-13.8155105579643,99.93094630027,"underflow",160,0
1.9999,0.001,100,"strict",-4.60517018598809,99.93094630027,"mixture",142,8.88178419700125e-16
1.9999,0.001,100,"strict",-2.30258509299405,99.93094630027,"mixture",142,4.44089209850063e-16
1.9999,0.001,100,"strict",-0.693147180559945,99.93094630027,"mixture",142,7.7715611723761e-16
1.9999,0.001,100,"strict",-0.105360515657826,99.93094630027,"mixture",142,1.26831878333178e-12
1.9999,0.001,100,"strict",-0.0100503358535015,99.93094630027,"mixture",142,8.88178419700125e-16
1.9999,0.001,100,"strict",-1.00000050002909e-06,99.93094630027,"mixture",160,1.6281198611523e-10
1.9999,0.001,100,"strict",-1e-12,99.93094630027,"mixture",189,1.21502807814977e-12
1.9999,0.001,100,"strict",-1e-30,99.93094630027,"mixture",256,5.08748598804232e-12
1.9999,0.001,100,"strict",-99.93094629027,99.93094630027,"underflow",305,0
1.9999,0.001,100,"diagnostic",-27.6310211159285,99.93094630027,"underflow",175,2.6994229074262e-10
1.9999,0.001,100,"diagnostic",-13.8155105579643,99.93094630027,"underflow",142,1.12301279386884e-11
1.9999,0.001,100,"diagnostic",-4.60517018598809,99.93094630027,"mixture",114,3.52819995441678e-11
1.9999,0.001,100,"diagnostic",-2.30258509299405,99.93094630027,"mixture",107,1.14264153694421e-12
1.9999,0.001,100,"diagnostic",-0.693147180559945,99.93094630027,"mixture",107,1.7116308370646e-12
1.9999,0.001,100,"diagnostic",-0.105360515657826,99.93094630027,"mixture",107,1.26831878333178e-12
1.9999,0.001,100,"diagnostic",-0.0100503358535015,99.93094630027,"mixture",114,4.63733575983838e-08
1.9999,0.001,100,"diagnostic",-1.00000050002909e-06,99.93094630027,"mixture",142,1.09122690261643e-06
1.9999,0.001,100,"diagnostic",-1e-12,99.93094630027,"mixture",175,4.09688405866859e-06
1.9999,0.001,100,"diagnostic",-1e-30,99.93094630027,"mixture",247,8.68469452086629e-06
1.9999,0.001,100,"diagnostic",-99.93094629027,99.93094630027,"underflow",299,0
1.9999,0.001,100,"loose",-27.6310211159285,99.93094630027,"underflow",164,3.34539862478778e-09
1.9999,0.001,100,"loose",-13.8155105579643,99.93094630027,"underflow",129,1.12265752250096e-11
1.9999,0.001,100,"loose",-4.60517018598809,99.93094630027,"mixture",98,3.52526896563177e-11
1.9999,0.001,100,"loose",-2.30258509299405,99.93094630027,"mixture",89,7.44010453246347e-08
1.9999,0.001,100,"loose",-0.693147180559945,99.93094630027,"mixture",89,1.71336482224227e-07
1.9999,0.001,100,"loose",-0.105360515657826,99.93094630027,"mixture",89,9.75824305804451e-08
1.9999,0.001,100,"loose",-0.0100503358535015,99.93094630027,"mixture",98,4.63738301093031e-08
1.9999,0.001,100,"loose",-1.00000050002909e-06,99.93094630027,"mixture",129,1.09122690616914e-06
1.9999,0.001,100,"loose",-1e-12,99.93094630027,"mixture",164,6.38560481647232e-06
1.9999,0.001,100,"loose",-1e-30,99.93094630027,"mixture",240,2.20033973050704e-05
1.9999,0.001,100,"loose",-99.93094629027,99.93094630027,"underflow",295,7.64828200772172e-11
1.01,1,100,"strict",-27.6310211159285,0.0101010101010101,"atom",0,0
1.01,1,100,"strict",-13.8155105579643,0.0101010101010101,"atom",0,0
1.01,1,100,"strict",-4.60517018598809,0.0101010101010101,"atom",0,0
1.01,1,100,"strict",-2.30258509299405,0.0101010101010101,"atom",0,0
1.01,1,100,"strict",-0.693147180559945,0.0101010101010101,"atom",0,0
1.01,1,100,"strict",-0.105360515657826,0.0101010101010101,"atom",0,0
1.01,1,100,"strict",-0.0100503358535015,0.0101010101010101,"mixture",5,3.5527136788005e-15
1.01,1,100,"strict",-1.00000050002909e-06,0.0101010101010101,"mixture",6,1.15463194561016e-13
1.01,1,100,"strict",-1e-12,0.0101010101010101,"mixture",8,3.5527136788005e-15
1.01,1,100,"strict",-1e-30,0.0101010101010101,"mixture",14,4.2632564145606e-14
1.01,1,100,"strict",-0.0101010001010101,0.0101010101010101,"mixture",6,7.105427357601e-15
1.01,1,100,"diagnostic",-27.6310211159285,0.0101010101010101,"atom",0,0
1.01,1,100,"diagnostic",-13.8155105579643,0.0101010101010101,"atom",0,0
1.01,1,100,"diagnostic",-4.60517018598809,0.0101010101010101,"atom",0,0
1.01,1,100,"diagnostic",-2.30258509299405,0.0101010101010101,"atom",0,0
1.01,1,100,"diagnostic",-0.693147180559945,0.0101010101010101,"atom",0,0
1.01,1,100,"diagnostic",-0.105360515657826,0.0101010101010101,"atom",0,0
1.01,1,100,"diagnostic",-0.0100503358535015,0.0101010101010101,"mixture",4,3.67326764028064e-06
1.01,1,100,"diagnostic",-1.00000050002909e-06,0.0101010101010101,"mixture",5,1.8105722254802e-07
1.01,1,100,"diagnostic",-1e-12,0.0101010101010101,"mixture",7,5.19560536815789e-08
1.01,1,100,"diagnostic",-1e-30,0.0101010101010101,"mixture",13,1.15107923193136e-12
1.01,1,100,"diagnostic",-0.0101010001010101,0.0101010101010101,"mixture",5,2.95378654868728e-08
1.01,1,100,"loose",-27.6310211159285,0.0101010101010101,"atom",0,0
1.01,1,100,"loose",-13.8155105579643,0.0101010101010101,"atom",0,0
1.01,1,100,"loose",-4.60517018598809,0.0101010101010101,"atom",0,0
1.01,1,100,"loose",-2.30258509299405,0.0101010101010101,"atom",0,0
1.01,1,100,"loose",-0.693147180559945,0.0101010101010101,"atom",0,0
1.01,1,100,"loose",-0.105360515657826,0.0101010101010101,"atom",0,0
1.01,1,100,"loose",-0.0100503358535015,0.0101010101010101,"mixture",3,9.47652379856834e-06
1.01,1,100,"loose",-1.00000050002909e-06,0.0101010101010101,"mixture",4,7.13203892654946e-05
1.01,1,100,"loose",-1e-12,0.0101010101010101,"mixture",6,3.24724196083537e-05
1.01,1,100,"loose",-1e-30,0.0101010101010101,"mixture",12,2.06008207044306e-05
1.01,1,100,"loose",-0.0101010001010101,0.0101010101010101,"mixture",5,0.000133591604750904
1.1,1,100,"strict",-27.6310211159285,0.0111111111111111,"atom",0,0
1.1,1,100,"strict",-13.8155105579643,0.0111111111111111,"atom",0,0
1.1,1,100,"strict",-4.60517018598809,0.0111111111111111,"atom",0,0
1.1,1,100,"strict",-2.30258509299405,0.0111111111111111,"atom",0,0
1.1,1,100,"strict",-0.693147180559945,0.0111111111111111,"atom",0,0
1.1,1,100,"strict",-0.105360515657826,0.0111111111111111,"atom",0,0
1.1,1,100,"strict",-0.0100503358535015,0.0111111111111111,"mixture",5,0
1.1,1,100,"strict",-1.00000050002909e-06,0.0111111111111111,"mixture",6,7.47846229387505e-12
1.1,1,100,"strict",-1e-12,0.0111111111111111,"mixture",8,1.07327480236563e-11
1.1,1,100,"strict",-1e-30,0.0111111111111111,"mixture",14,8.85336248757085e-12
1.1,1,100,"strict",-0.0111111011111111,0.0111111111111111,"mixture",6,1.10489395410696e-12
1.1,1,100,"diagnostic",-27.6310211159285,0.0111111111111111,"atom",0,0
1.1,1,100,"diagnostic",-13.8155105579643,0.0111111111111111,"atom",0,0
1.1,1,100,"diagnostic",-4.60517018598809,0.0111111111111111,"atom",0,0
1.1,1,100,"diagnostic",-2.30258509299405,0.0111111111111111,"atom",0,0
1.1,1,100,"diagnostic",-0.693147180559945,0.0111111111111111,"atom",0,0
1.1,1,100,"diagnostic",-0.105360515657826,0.0111111111111111,"atom",0,0
1.1,1,100,"diagnostic",-0.0100503358535015,0.0111111111111111,"mixture",3,6.9171870809015e-07
1.1,1,100,"diagnostic",-1.00000050002909e-06,0.0111111111111111,"mixture",5,6.68265442982374e-12
1.1,1,100,"diagnostic",-1e-12,0.0111111111111111,"mixture",7,2.51328054545752e-06
1.1,1,100,"diagnostic",-1e-30,0.0111111111111111,"mixture",13,1.48009030453977e-06
1.1,1,100,"diagnostic",-0.0111111011111111,0.0111111111111111,"mixture",5,1.10489395410696e-12
1.1,1,100,"loose",-27.6310211159285,0.0111111111111111,"atom",0,0
1.1,1,100,"loose",-13.8155105579643,0.0111111111111111,"atom",0,0
1.1,1,100,"loose",-4.60517018598809,0.0111111111111111,"atom",0,0
1.1,1,100,"loose",-2.30258509299405,0.0111111111111111,"atom",0,0
1.1,1,100,"loose",-0.693147180559945,0.0111111111111111,"atom",0,0
1.1,1,100,"loose",-0.105360515657826,0.0111111111111111,"atom",0,0
1.1,1,100,"loose",-0.0100503358535015,0.0111111111111111,"mixture",3,1.56302517417828e-06
1.1,1,100,"loose",-1.00000050002909e-06,0.0111111111111111,"mixture",4,9.28577287595544e-06
1.1,1,100,"loose",-1e-12,0.0111111111111111,"mixture",6,0.00011852854563088
1.1,1,100,"loose",-1e-30,0.0111111111111111,"mixture",12,0.000688356413817814
1.1,1,100,"loose",-0.0111111011111111,0.0111111111111111,"mixture",5,4.55593750814387e-06
1.5,1,100,"strict",-27.6310211159285,0.02,"atom",0,0
1.5,1,100,"strict",-13.8155105579643,0.02,"atom",0,0
1.5,1,100,"strict",-4.60517018598809,0.02,"atom",0,0
1.5,1,100,"strict",-2.30258509299405,0.02,"atom",0,0
1.5,1,100,"strict",-0.693147180559945,0.02,"atom",0,0
1.5,1,100,"strict",-0.105360515657826,0.02,"atom",0,0
1.5,1,100,"strict",-0.0100503358535015,0.02,"mixture",5,1.54543045027822e-13
1.5,1,100,"strict",-1.00000050002909e-06,0.02,"mixture",6,1.59445789904566e-11
1.5,1,100,"strict",-1e-12,0.02,"mixture",9,1.4210854715202e-14
1.5,1,100,"strict",-1e-30,0.02,"mixture",15,1.4210854715202e-14
1.5,1,100,"strict",-0.01999999,0.02,"mixture",7,0
1.5,1,100,"diagnostic",-27.6310211159285,0.02,"atom",0,0
1.5,1,100,"diagnostic",-13.8155105579643,0.02,"atom",0,0
1.5,1,100,"diagnostic",-4.60517018598809,0.02,"atom",0,0
1.5,1,100,"diagnostic",-2.30258509299405,0.02,"atom",0,0
1.5,1,100,"diagnostic",-0.693147180559945,0.02,"atom",0,0
1.5,1,100,"diagnostic",-0.105360515657826,0.02,"atom",0,0
1.5,1,100,"diagnostic",-0.0100503358535015,0.02,"mixture",4,1.53654866608122e-13
1.5,1,100,"diagnostic",-1.00000050002909e-06,0.02,"mixture",5,1.03554950392493e-06
1.5,1,100,"diagnostic",-1e-12,0.02,"mixture",7,2.76763323370233e-08
1.5,1,100,"diagnostic",-1e-30,0.02,"mixture",14,1.60036364604821e-07
1.5,1,100,"diagnostic",-0.01999999,0.02,"mixture",6,6.75242972647538e-10
1.5,1,100,"loose",-27.6310211159285,0.02,"atom",0,0
1.5,1,100,"loose",-13.8155105579643,0.02,"atom",0,0
1.5,1,100,"loose",-4.60517018598809,0.02,"atom",0,0
1.5,1,100,"loose",-2.30258509299405,0.02,"atom",0,0
1.5,1,100,"loose",-0.693147180559945,0.02,"atom",0,0
1.5,1,100,"loose",-0.105360515657826,0.02,"atom",0,0
1.5,1,100,"loose",-0.0100503358535015,0.02,"mixture",3,4.17180391565353e-07
1.5,1,100,"loose",-1.00000050002909e-06,0.02,"mixture",4,0.000190189423337372
1.5,1,100,"loose",-1e-12,0.02,"mixture",7,3.63162953007645e-05
1.5,1,100,"loose",-1e-30,0.02,"mixture",13,0.000559774225393994
1.5,1,100,"loose",-0.01999999,0.02,"mixture",5,6.75242972647538e-10
1.9,1,100,"strict",-27.6310211159285,0.0999999999999999,"atom",0,0
1.9,1,100,"strict",-13.8155105579643,0.0999999999999999,"atom",0,0
1.9,1,100,"strict",-4.60517018598809,0.0999999999999999,"atom",0,0
1.9,1,100,"strict",-2.30258509299405,0.0999999999999999,"atom",0,0
1.9,1,100,"strict",-0.693147180559945,0.0999999999999999,"atom",0,0
1.9,1,100,"strict",-0.105360515657826,0.0999999999999999,"atom",0,0
1.9,1,100,"strict",-0.0100503358535015,0.0999999999999999,"mixture",7,9.76996261670138e-15
1.9,1,100,"strict",-1.00000050002909e-06,0.0999999999999999,"mixture",9,1.77635683940025e-15
1.9,1,100,"strict",-1e-12,0.0999999999999999,"mixture",12,4.34102531698954e-10
1.9,1,100,"strict",-1e-30,0.0999999999999999,"mixture",20,5.20117282576393e-12
1.9,1,100,"strict",-0.0999999899999999,0.0999999999999999,"mixture",10,7.105427357601e-15
1.9,1,100,"diagnostic",-27.6310211159285,0.0999999999999999,"atom",0,0
1.9,1,100,"diagnostic",-13.8155105579643,0.0999999999999999,"atom",0,0
1.9,1,100,"diagnostic",-4.60517018598809,0.0999999999999999,"atom",0,0
1.9,1,100,"diagnostic",-2.30258509299405,0.0999999999999999,"atom",0,0
1.9,1,100,"diagnostic",-0.693147180559945,0.0999999999999999,"atom",0,0
1.9,1,100,"diagnostic",-0.105360515657826,0.0999999999999999,"atom",0,0
1.9,1,100,"diagnostic",-0.0100503358535015,0.0999999999999999,"mixture",5,1.58159618734999e-07
1.9,1,100,"diagnostic",-1.00000050002909e-06,0.0999999999999999,"mixture",7,1.81368000085058e-06
1.9,1,100,"diagnostic",-1e-12,0.0999999999999999,"mixture",10,4.34102531698954e-10
1.9,1,100,"diagnostic",-1e-30,0.0999999999999999,"mixture",19,8.70290672594365e-06
1.9,1,100,"diagnostic",-0.0999999899999999,0.0999999999999999,"mixture",8,2.00941485672956e-11
1.9,1,100,"loose",-27.6310211159285,0.0999999999999999,"atom",0,0
1.9,1,100,"loose",-13.8155105579643,0.0999999999999999,"atom",0,0
1.9,1,100,"loose",-4.60517018598809,0.0999999999999999,"atom",0,0
1.9,1,100,"loose",-2.30258509299405,0.0999999999999999,"atom",0,0
1.9,1,100,"loose",-0.693147180559945,0.0999999999999999,"atom",0,0
1.9,1,100,"loose",-0.105360515657826,0.0999999999999999,"atom",0,0
1.9,1,100,"loose",-0.0100503358535015,0.0999999999999999,"mixture",4,1.5816619924891e-07
1.9,1,100,"loose",-1.00000050002909e-06,0.0999999999999999,"mixture",6,2.33412339945005e-06
1.9,1,100,"loose",-1e-12,0.0999999999999999,"mixture",9,0.000121319765071348
1.9,1,100,"loose",-1e-30,0.0999999999999999,"mixture",18,2.22393351521077e-05
1.9,1,100,"loose",-0.0999999899999999,0.0999999999999999,"mixture",7,2.00941485672956e-11
1.99,1,100,"strict",-27.6310211159285,0.999999999999999,"atom",0,0
1.99,1,100,"strict",-13.8155105579643,0.999999999999999,"atom",0,0
1.99,1,100,"strict",-4.60517018598809,0.999999999999999,"atom",0,0
1.99,1,100,"strict",-2.30258509299405,0.999999999999999,"atom",0,0
1.99,1,100,"strict",-0.693147180559945,0.999999999999999,"mixture",14,1.55431223447522e-14
1.99,1,100,"strict",-0.105360515657826,0.999999999999999,"mixture",14,4.63629135083465e-13
1.99,1,100,"strict",-0.0100503358535015,0.999999999999999,"mixture",14,8.88178419700125e-16
1.99,1,100,"strict",-1.00000050002909e-06,0.999999999999999,"mixture",17,1.29888988453786e-10
1.99,1,100,"strict",-1e-12,0.999999999999999,"mixture",21,2.31636931857793e-12
1.99,1,100,"strict",-1e-30,0.999999999999999,"mixture",34,5.22959453519434e-12
1.99,1,100,"strict",-0.999999989999999,0.999999999999999,"underflow",19,0
1.99,1,100,"diagnostic",-27.6310211159285,0.999999999999999,"atom",0,0
1.99,1,100,"diagnostic",-13.8155105579643,0.999999999999999,"atom",0,0
1.99,1,100,"diagnostic",-4.60517018598809,0.999999999999999,"atom",0,0
1.99,1,100,"diagnostic",-2.30258509299405,0.999999999999999,"atom",0,0
1.99,1,100,"diagnostic",-0.693147180559945,0.999999999999999,"mixture",10,1.64313007644523e-14
1.99,1,100,"diagnostic",-0.105360515657826,0.999999999999999,"mixture",10,4.64073224293315e-13
1.99,1,100,"diagnostic",-0.0100503358535015,0.999999999999999,"mixture",11,5.21878620318716e-08
1.99,1,100,"diagnostic",-1.00000050002909e-06,0.999999999999999,"mixture",14,1.19364282191725e-06
1.99,1,100,"diagnostic",-1e-12,0.999999999999999,"mixture",19,1.66305593296556e-06
1.99,1,100,"diagnostic",-1e-30,0.999999999999999,"mixture",32,8.51910509425124e-06
1.99,1,100,"diagnostic",-0.999999989999999,0.999999999999999,"underflow",16,0
1.99,1,100,"loose",-27.6310211159285,0.999999999999999,"atom",0,0
1.99,1,100,"loose",-13.8155105579643,0.999999999999999,"atom",0,0
1.99,1,100,"loose",-4.60517018598809,0.999999999999999,"atom",0,0
1.99,1,100,"loose",-2.30258509299405,0.999999999999999,"atom",0,0
1.99,1,100,"loose",-0.693147180559945,0.999999999999999,"mixture",8,1.76846475241632e-08
1.99,1,100,"loose",-0.105360515657826,0.999999999999999,"mixture",8,5.04940578238688e-08
1.99,1,100,"loose",-0.0100503358535015,0.999999999999999,"mixture",9,5.21884571114128e-08
1.99,1,100,"loose",-1.00000050002909e-06,0.999999999999999,"mixture",13,1.19364282369361e-06
1.99,1,100,"loose",-1e-12,0.999999999999999,"mixture",17,8.8371716913116e-06
1.99,1,100,"loose",-1e-30,0.999999999999999,"mixture",30,2.2192755423589e-05
1.99,1,100,"loose",-0.999999989999999,0.999999999999999,"underflow",15,1.36447404486262e-08
1.9999,1,100,"strict",-27.6310211159285,100.000000000011,"underflow",190,0
1.9999,1,100,"strict",-13.8155105579643,100.000000000011,"underflow",160,0
1.9999,1,100,"strict",-4.60517018598809,100.000000000011,"mixture",142,8.88178419700125e-16
1.9999,1,100,"strict",-2.30258509299405,100.000000000011,"mixture",142,0
1.9999,1,100,"strict",-0.693147180559945,100.000000000011,"mixture",142,7.7715611723761e-16
1.9999,1,100,"strict",-0.105360515657826,100.000000000011,"mixture",142,1.29274368987353e-12
1.9999,1,100,"strict",-0.0100503358535015,100.000000000011,"mixture",142,8.88178419700125e-16
1.9999,1,100,"strict",-1.00000050002909e-06,100.000000000011,"mixture",160,1.53281831671848e-10
1.9999,1,100,"strict",-1e-12,100.000000000011,"mixture",190,1.27187149701058e-12
1.9999,1,100,"strict",-1e-30,100.000000000011,"mixture",256,5.17275111633353e-12
1.9999,1,100,"strict",-99.999999990011,100.000000000011,"underflow",305,0
1.9999,1,100,"diagnostic",-27.6310211159285,100.000000000011,"underflow",175,2.30777175147523e-10
1.9999,1,100,"diagnostic",-13.8155105579643,100.000000000011,"underflow",142,1.1308287639622e-11
1.9999,1,100,"diagnostic",-4.60517018598809,100.000000000011,"mixture",114,3.60369512009129e-11
1.9999,1,100,"diagnostic",-2.30258509299405,100.000000000011,"mixture",107,1.16218146217761e-12
1.9999,1,100,"diagnostic",-0.693147180559945,100.000000000011,"mixture",107,1.7169599075828e-12
1.9999,1,100,"diagnostic",-0.105360515657826,100.000000000011,"mixture",107,1.29318777908338e-12
1.9999,1,100,"diagnostic",-0.0100503358535015,100.000000000011,"mixture",114,4.64257103871546e-08
1.9999,1,100,"diagnostic",-1.00000050002909e-06,100.000000000011,"mixture",142,1.12015024100742e-06
1.9999,1,100,"diagnostic",-1e-12,100.000000000011,"mixture",175,3.94195419417542e-06
1.9999,1,100,"diagnostic",-1e-30,100.000000000011,"mixture",247,8.67488704159314e-06
1.9999,1,100,"diagnostic",-99.999999990011,100.000000000011,"underflow",299,0
1.9999,1,100,"loose",-27.6310211159285,100.000000000011,"underflow",164,3.38802053079235e-09
1.9999,1,100,"loose",-13.8155105579643,100.000000000011,"underflow",129,1.13065112827826e-11
1.9999,1,100,"loose",-4.60517018598809,100.000000000011,"mixture",98,3.60076413130628e-11
1.9999,1,100,"loose",-2.30258509299405,100.000000000011,"mixture",89,7.52808104742542e-08
1.9999,1,100,"loose",-0.693147180559945,100.000000000011,"mixture",89,1.7177367384047e-07
1.9999,1,100,"loose",-0.105360515657826,100.000000000011,"mixture",89,9.86965207339097e-08
1.9999,1,100,"loose",-0.0100503358535015,100.000000000011,"mixture",98,4.64261944443933e-08
1.9999,1,100,"loose",-1.00000050002909e-06,100.000000000011,"mixture",129,1.12015024100742e-06
1.9999,1,100,"loose",-1e-12,100.000000000011,"mixture",164,6.54087362761402e-06
1.9999,1,100,"loose",-1e-30,100.000000000011,"mixture",240,2.20135572703839e-05
1.9999,1,100,"loose",-99.999999990011,100.000000000011,"underflow",295,7.65254526413628e-11
1.01,1000,100,"strict",-27.6310211159285,9.42681111916152,"atom",0,0
1.01,1000,100,"strict",-13.8155105579643,9.42681111916152,"atom",0,0
1.01,1000,100,"strict",-4.60517018598809,9.42681111916152,"mixture",39,3.5527136788005e-15
1.01,1000,100,"strict",-2.30258509299405,9.42681111916152,"mixture",39,3.93978183410582e-11
1.01,1000,100,"strict",-0.693147180559945,9.42681111916152,"mixture",39,2.06501482580279e-14
1.01,1000,100,"strict",-0.105360515657826,9.42681111916152,"mixture",39,1.90514271025677e-13
1.01,1000,100,"strict",-0.0100503358535015,9.42681111916152,"mixture",39,1.91935356497197e-12
1.01,1000,100,"strict",-1.00000050002909e-06,9.42681111916152,"mixture",43,2.19984030991327e-11
1.01,1000,100,"strict",-1e-12,9.42681111916152,"mixture",51,9.30171495383547e-11
1.01,1000,100,"strict",-1e-30,9.42681111916152,"mixture",73,1.70530256582424e-13
1.01,1000,100,"strict",-9.42681110916152,9.42681111916152,"mixture",52,5.22959453519434e-11
1.01,1000,100,"diagnostic",-27.6310211159285,9.42681111916152,"atom",0,0
1.01,1000,100,"diagnostic",-13.8155105579643,9.42681111916152,"atom",0,0
1.01,1000,100,"diagnostic",-4.60517018598809,9.42681111916152,"mixture",32,1.81591290715488e-06
1.01,1000,100,"diagnostic",-2.30258509299405,9.42681111916152,"mixture",30,2.98526112274544e-07
1.01,1000,100,"diagnostic",-0.693147180559945,9.42681111916152,"mixture",30,5.13093287857203e-08
1.01,1000,100,"diagnostic",-0.105360515657826,9.42681111916152,"mixture",30,1.085754508523e-08
1.01,1000,100,"diagnostic",-0.0100503358535015,9.42681111916152,"mixture",32,1.18857869324529e-07
1.01,1000,100,"diagnostic",-1.00000050002909e-06,9.42681111916152,"mixture",38,3.05132181210865e-06
1.01,1000,100,"diagnostic",-1e-12,9.42681111916152,"mixture",47,3.53887729787061e-06
1.01,1000,100,"diagnostic",-1e-30,9.42681111916152,"mixture",70,1.05429833752169e-07
1.01,1000,100,"diagnostic",-9.42681110916152,9.42681111916152,"mixture",47,5.22959453519434e-11
1.01,1000,100,"loose",-27.6310211159285,9.42681111916152,"atom",0,0
1.01,1000,100,"loose",-13.8155105579643,9.42681111916152,"atom",0,0
1.01,1000,100,"loose",-4.60517018598809,9.42681111916152,"mixture",28,1.81591290715488e-06
1.01,1000,100,"loose",-2.30258509299405,9.42681111916152,"mixture",26,3.48863964649837e-05
1.01,1000,100,"loose",-0.693147180559945,9.42681111916152,"mixture",26,1.97957817817951e-05
1.01,1000,100,"loose",-0.105360515657826,9.42681111916152,"mixture",26,4.70251740960492e-05
1.01,1000,100,"loose",-0.0100503358535015,9.42681111916152,"mixture",28,7.48945866906325e-05
1.01,1000,100,"loose",-1.00000050002909e-06,9.42681111916152,"mixture",35,4.18800436996491e-06
1.01,1000,100,"loose",-1e-12,9.42681111916152,"mixture",44,0.000549907177301634
1.01,1000,100,"loose",-1e-30,9.42681111916152,"mixture",68,5.6843418860808e-14
1.01,1000,100,"loose",-9.42681110916152,9.42681111916152,"mixture",45,4.4776362273069e-05
1.1,1000,100,"strict",-27.6310211159285,5.56874704030302,"atom",0,0
1.1,1000,100,"strict",-13.8155105579643,5.56874704030302,"atom",0,0
1.1,1000,100,"strict",-4.60517018598809,5.56874704030302,"mixture",29,8.88178419700125e-16
1.1,1000,100,"strict",-2.30258509299405,5.56874704030302,"mixture",29,4.88498130835069e-15
1.1,1000,100,"strict",-0.693147180559945,5.56874704030302,"mixture",29,2.00954808349252e-11
1.1,1000,100,"strict",-0.105360515657826,5.56874704030302,"mixture",29,1.73638881051374e-13
1.1,1000,100,"strict",-0.0100503358535015,5.56874704030302,"mixture",29,1.12798659301916e-13
1.1,1000,100,"strict",-1.00000050002909e-06,5.56874704030302,"mixture",33,7.105427357601e-15
1.1,1000,100,"strict",-1e-12,5.56874704030302,"mixture",40,3.5527136788005e-15
1.1,1000,100,"strict",-1e-30,5.56874704030302,"mixture",59,5.6843418860808e-14
1.1,1000,100,"strict",-5.56874703030302,5.56874704030302,"mixture",39,3.27595728322194e-11
1.1,1000,100,"diagnostic",-27.6310211159285,5.56874704030302,"atom",0,0
1.1,1000,100,"diagnostic",-13.8155105579643,5.56874704030302,"atom",0,0
1.1,1000,100,"diagnostic",-4.60517018598809,5.56874704030302,"mixture",24,1.62879398857285e-09
1.1,1000,100,"diagnostic",-2.30258509299405,5.56874704030302,"mixture",22,1.20774880763008e-07
1.1,1000,100,"diagnostic",-0.693147180559945,5.56874704030302,"mixture",22,6.65092425577996e-11
1.1,1000,100,"diagnostic",-0.105360515657826,5.56874704030302,"mixture",22,7.83955949046344e-07
1.1,1000,100,"diagnostic",-0.0100503358535015,5.56874704030302,"mixture",23,9.03990295064716e-07
1.1,1000,100,"diagnostic",-1.00000050002909e-06,5.56874704030302,"mixture",29,6.73065763123759e-08
1.1,1000,100,"diagnostic",-1e-12,5.56874704030302,"mixture",37,3.54689966286514e-08
1.1,1000,100,"diagnostic",-1e-30,5.56874704030302,"mixture",56,2.1827787577422e-08
1.1,1000,100,"diagnostic",-5.56874703030302,5.56874704030302,"mixture",35,1.17441594937873e-06
1.1,1000,100,"loose",-27.6310211159285,5.56874704030302,"atom",0,0
1.1,1000,100,"loose",-13.8155105579643,5.56874704030302,"atom",0,0
1.1,1000,100,"loose",-4.60517018598809,5.56874704030302,"mixture",21,2.95483356005377e-06
1.1,1000,100,"loose",-2.30258509299405,5.56874704030302,"mixture",19,1.20774880763008e-07
1.1,1000,100,"loose",-0.693147180559945,5.56874704030302,"mixture",19,9.96106448436507e-07
1.1,1000,100,"loose",-0.105360515657826,5.56874704030302,"mixture",19,7.84835845202281e-07
1.1,1000,100,"loose",-0.0100503358535015,5.56874704030302,"mixture",20,9.06643555786957e-07
1.1,1000,100,"loose",-1.00000050002909e-06,5.56874704030302,"mixture",26,1.58573176989307e-06
1.1,1000,100,"loose",-1e-12,5.56874704030302,"mixture",34,0.000223118698123415
1.1,1000,100,"loose",-1e-30,5.56874704030302,"mixture",54,0.000198568469073734
1.1,1000,100,"loose",-5.56874703030302,5.56874704030302,"mixture",32,3.11789719731337e-06
1.5,1000,100,"strict",-27.6310211159285,0.632455532033676,"atom",0,0
1.5,1000,100,"strict",-13.8155105579643,0.632455532033676,"atom",0,0
1.5,1000,100,"strict",-4.60517018598809,0.632455532033676,"atom",0,0
1.5,1000,100,"strict",-2.30258509299405,0.632455532033676,"atom",0,0
1.5,1000,100,"strict",-0.693147180559945,0.632455532033676,"atom",0,0
1.5,1000,100,"strict",-0.105360515657826,0.632455532033676,"mixture",12,8.21565038222616e-14
1.5,1000,100,"strict",-0.0100503358535015,0.632455532033676,"mixture",12,8.88178419700125e-16
1.5,1000,100,"strict",-1.00000050002909e-06,0.632455532033676,"mixture",14,1.06936681731895e-12
1.5,1000,100,"strict",-1e-12,0.632455532033676,"mixture",19,4.04721589575274e-10
1.5,1000,100,"strict",-1e-30,0.632455532033676,"mixture",30,1.32445165945683e-11
1.5,1000,100,"strict",-0.632455522033676,0.632455532033676,"mixture",16,0
1.5,1000,100,"diagnostic",-27.6310211159285,0.632455532033676,"atom",0,0
1.5,1000,100,"diagnostic",-13.8155105579643,0.632455532033676,"atom",0,0
1.5,1000,100,"diagnostic",-4.60517018598809,0.632455532033676,"atom",0,0
1.5,1000,100,"diagnostic",-2.30258509299405,0.632455532033676,"atom",0,0
1.5,1000,100,"diagnostic",-0.693147180559945,0.632455532033676,"atom",0,0
1.5,1000,100,"diagnostic",-0.105360515657826,0.632455532033676,"mixture",8,2.07504555760352e-08
1.5,1000,100,"diagnostic",-0.0100503358535015,0.632455532033676,"mixture",9,2.38311592681839e-10
1.5,1000,100,"diagnostic",-1.00000050002909e-06,0.632455532033676,"mixture",12,2.28258448586871e-07
1.5,1000,100,"diagnostic",-1e-12,0.632455532033676,"mixture",17,2.27654327744631e-06
1.5,1000,100,"diagnostic",-1e-30,0.632455532033676,"mixture",28,1.33013600134291e-11
1.5,1000,100,"diagnostic",-0.632455522033676,0.632455532033676,"mixture",14,5.05043118437243e-10
1.5,1000,100,"loose",-27.6310211159285,0.632455532033676,"atom",0,0
1.5,1000,100,"loose",-13.8155105579643,0.632455532033676,"atom",0,0
1.5,1000,100,"loose",-4.60517018598809,0.632455532033676,"atom",0,0
1.5,1000,100,"loose",-2.30258509299405,0.632455532033676,"atom",0,0
1.5,1000,100,"loose",-0.693147180559945,0.632455532033676,"atom",0,0
1.5,1000,100,"loose",-0.105360515657826,0.632455532033676,"mixture",6,1.19618082763395e-05
1.5,1000,100,"loose",-0.0100503358535015,0.632455532033676,"mixture",7,3.52316639240513e-06
1.5,1000,100,"loose",-1.00000050002909e-06,0.632455532033676,"mixture",11,0.000121419711199167
1.5,1000,100,"loose",-1e-12,0.632455532033676,"mixture",15,2.27654337692229e-06
1.5,1000,100,"loose",-1e-30,0.632455532033676,"mixture",27,3.69629993173248e-05
1.5,1000,100,"loose",-0.632455522033676,0.632455532033676,"mixture",12,5.05043118437243e-10
1.9,1000,100,"strict",-27.6310211159285,0.199526231496888,"atom",0,0
1.9,1000,100,"strict",-13.8155105579643,0.199526231496888,"atom",0,0
1.9,1000,100,"strict",-4.60517018598809,0.199526231496888,"atom",0,0
1.9,1000,100,"strict",-2.30258509299405,0.199526231496888,"atom",0,0
1.9,1000,100,"strict",-0.693147180559945,0.199526231496888,"atom",0,0
1.9,1000,100,"strict",-0.105360515657826,0.199526231496888,"mixture",9,8.91287044169076e-13
1.9,1000,100,"strict",-0.0100503358535015,0.199526231496888,"mixture",9,5.6488147492928e-13
1.9,1000,100,"strict",-1.00000050002909e-06,0.199526231496888,"mixture",10,1.77635683940025e-15
1.9,1000,100,"strict",-1e-12,0.199526231496888,"mixture",14,1.00552455251091e-10
1.9,1000,100,"strict",-1e-30,0.199526231496888,"mixture",23,6.71647626404592e-10
1.9,1000,100,"strict",-0.199526221496888,0.199526231496888,"mixture",12,0
1.9,1000,100,"diagnostic",-27.6310211159285,0.199526231496888,"atom",0,0
1.9,1000,100,"diagnostic",-13.8155105579643,0.199526231496888,"atom",0,0
1.9,1000,100,"diagnostic",-4.60517018598809,0.199526231496888,"atom",0,0
1.9,1000,100,"diagnostic",-2.30258509299405,0.199526231496888,"atom",0,0
1.9,1000,100,"diagnostic",-0.693147180559945,0.199526231496888,"atom",0,0
1.9,1000,100,"diagnostic",-0.105360515657826,0.199526231496888,"mixture",6,8.90842954959226e-13
1.9,1000,100,"diagnostic",-0.0100503358535015,0.199526231496888,"mixture",6,5.6576965334898e-13
1.9,1000,100,"diagnostic",-1.00000050002909e-06,0.199526231496888,"mixture",9,1.35613403173807e-07
1.9,1000,100,"diagnostic",-1e-12,0.199526231496888,"mixture",12,8.44581943937328e-07
1.9,1000,100,"diagnostic",-1e-30,0.199526231496888,"mixture",21,5.17275111633353e-12
1.9,1000,100,"diagnostic",-0.199526221496888,0.199526231496888,"mixture",10,3.17452730769219e-10
1.9,1000,100,"loose",-27.6310211159285,0.199526231496888,"atom",0,0
1.9,1000,100,"loose",-13.8155105579643,0.199526231496888,"atom",0,0
1.9,1000,100,"loose",-4.60517018598809,0.199526231496888,"atom",0,0
1.9,1000,100,"loose",-2.30258509299405,0.199526231496888,"atom",0,0
1.9,1000,100,"loose",-0.693147180559945,0.199526231496888,"atom",0,0
1.9,1000,100,"loose",-0.105360515657826,0.199526231496888,"mixture",4,1.34460087508614e-07
1.9,1000,100,"loose",-0.0100503358535015,0.199526231496888,"mixture",5,1.32908767103146e-06
1.9,1000,100,"loose",-1.00000050002909e-06,0.199526231496888,"mixture",7,0.000210450610939716
1.9,1000,100,"loose",-1e-12,0.199526231496888,"mixture",11,8.44581940384614e-07
1.9,1000,100,"loose",-1e-30,0.199526231496888,"mixture",20,1.00409154981662e-05
1.9,1000,100,"loose",-0.199526221496888,0.199526231496888,"mixture",9,3.17452730769219e-10
1.99,1000,100,"strict",-27.6310211159285,1.07151930523761,"atom",0,0
1.99,1000,100,"strict",-13.8155105579643,1.07151930523761,"atom",0,0
1.99,1000,100,"strict",-4.60517018598809,1.07151930523761,"atom",0,0
1.99,1000,100,"strict",-2.30258509299405,1.07151930523761,"atom",0,0
1.99,1000,100,"strict",-0.693147180559945,1.07151930523761,"mixture",15,2.34923192010683e-13
1.99,1000,100,"strict",-0.105360515657826,1.07151930523761,"mixture",15,0
1.99,1000,100,"strict",-0.0100503358535015,1.07151930523761,"mixture",15,8.88178419700125e-16
1.99,1000,100,"strict",-1.00000050002909e-06,1.07151930523761,"mixture",17,1.77635683940025e-15
1.99,1000,100,"strict",-1e-12,1.07151930523761,"mixture",22,1.77234227294321e-10
1.99,1000,100,"strict",-1e-30,1.07151930523761,"mixture",34,5.11590769747272e-12
1.99,1000,100,"strict",-1.07151929523761,1.07151930523761,"underflow",19,3.5527136788005e-15
1.99,1000,100,"diagnostic",-27.6310211159285,1.07151930523761,"atom",0,0
1.99,1000,100,"diagnostic",-13.8155105579643,1.07151930523761,"atom",0,0
1.99,1000,100,"diagnostic",-4.60517018598809,1.07151930523761,"atom",0,0
1.99,1000,100,"diagnostic",-2.30258509299405,1.07151930523761,"atom",0,0
1.99,1000,100,"diagnostic",-0.693147180559945,1.07151930523761,"mixture",10,2.35811370430383e-13
1.99,1000,100,"diagnostic",-0.105360515657826,1.07151930523761,"mixture",10,4.53059811889034e-12
1.99,1000,100,"diagnostic",-0.0100503358535015,1.07151930523761,"mixture",11,5.88445798754833e-08
1.99,1000,100,"diagnostic",-1.00000050002909e-06,1.07151930523761,"mixture",15,5.96129190455486e-09
1.99,1000,100,"diagnostic",-1e-12,1.07151930523761,"mixture",19,1.77234227294321e-10
1.99,1000,100,"diagnostic",-1e-30,1.07151930523761,"mixture",32,8.7343344432611e-06
1.99,1000,100,"diagnostic",-1.07151929523761,1.07151930523761,"underflow",17,3.5527136788005e-15
1.99,1000,100,"loose",-27.6310211159285,1.07151930523761,"atom",0,0
1.99,1000,100,"loose",-13.8155105579643,1.07151930523761,"atom",0,0
1.99,1000,100,"loose",-4.60517018598809,1.07151930523761,"atom",0,0
1.99,1000,100,"loose",-2.30258509299405,1.07151930523761,"atom",0,0
1.99,1000,100,"loose",-0.693147180559945,1.07151930523761,"mixture",8,9.60042776387837e-08
1.99,1000,100,"loose",-0.105360515657826,1.07151930523761,"mixture",8,1.98995055100681e-07
1.99,1000,100,"loose",-0.0100503358535015,1.07151930523761,"mixture",9,5.88457567118894e-08
1.99,1000,100,"loose",-1.00000050002909e-06,1.07151930523761,"mixture",13,9.33875526776262e-06
1.99,1000,100,"loose",-1e-12,1.07151930523761,"mixture",18,7.73137281733227e-05
1.99,1000,100,"loose",-1e-30,1.07151930523761,"mixture",31,2.20128536199127e-05
1.99,1000,100,"loose",-1.07151929523761,1.07151930523761,"underflow",15,1.64080482534246e-08
1.9999,1000,100,"strict",-27.6310211159285,100.069101416837,"underflow",190,3.5527136788005e-15
1.9999,1000,100,"strict",-13.8155105579643,100.069101416837,"underflow",159,0
1.9999,1000,100,"strict",-4.60517018598809,100.069101416837,"mixture",142,8.88178419700125e-16
1.9999,1000,100,"strict",-2.30258509299405,100.069101416837,"mixture",142,4.44089209850063e-16
1.9999,1000,100,"strict",-0.693147180559945,100.069101416837,"mixture",142,5.55111512312578e-16
1.9999,1000,100,"strict",-0.105360515657826,100.069101416837,"mixture",142,1.31761268562514e-12
1.9999,1000,100,"strict",-0.0100503358535015,100.069101416837,"mixture",142,8.88178419700125e-16
1.9999,1000,100,"strict",-1.00000050002909e-06,100.069101416837,"mixture",159,1.43423051213176e-10
1.9999,1000,100,"strict",-1e-12,100.069101416837,"mixture",190,1.33226762955019e-12
1.9999,1000,100,"strict",-1e-30,100.069101416837,"mixture",256,5.10169684275752e-12
1.9999,1000,100,"strict",-100.069101406837,100.069101416837,"underflow",306,0
1.9999,1000,100,"diagnostic",-27.6310211159285,100.069101416837,"underflow",175,1.91278104466619e-10
1.9999,1000,100,"diagnostic",-13.8155105579643,100.069101416837,"underflow",142,1.13900000542344e-11
1.9999,1000,100,"diagnostic",-4.60517018598809,100.069101416837,"mixture",114,3.67990082850156e-11
1.9999,1000,100,"diagnostic",-2.30258509299405,100.069101416837,"mixture",107,1.18172138741102e-12
1.9999,1000,100,"diagnostic",-0.693147180559945,100.069101416837,"mixture",107,1.72095671047146e-12
1.9999,1000,100,"diagnostic",-0.105360515657826,100.069101416837,"mixture",107,1.31805677483499e-12
1.9999,1000,100,"diagnostic",-0.0100503358535015,100.069101416837,"mixture",114,4.64782372588957e-08
1.9999,1000,100,"diagnostic",-1.00000050002909e-06,100.069101416837,"mixture",142,1.14966585584853e-06
1.9999,1000,100,"diagnostic",-1e-12,100.069101416837,"mixture",175,3.78352988050779e-06
1.9999,1000,100,"diagnostic",-1e-30,100.069101416837,"mixture",247,8.66525637377435e-06
1.9999,1000,100,"diagnostic",-100.069101406837,100.069101416837,"underflow",299,0
1.9999,1000,100,"loose",-27.6310211159285,100.069101416837,"underflow",164,3.43096928645537e-09
1.9999,1000,100,"loose",-13.8155105579643,100.069101416837,"underflow",129,1.1388223697395e-11
1.9999,1000,100,"loose",-4.60517018598809,100.069101416837,"mixture",97,3.67501584719321e-11
1.9999,1000,100,"loose",-2.30258509299405,100.069101416837,"mixture",89,7.61648788483171e-08
1.9999,1000,100,"loose",-0.693147180559945,100.069101416837,"mixture",89,1.72211666149558e-07
1.9999,1000,100,"loose",-0.105360515657826,100.069101416837,"mixture",89,9.98162223986299e-08
1.9999,1000,100,"loose",-0.0100503358535015,100.069101416837,"mixture",97,4.64788127985116e-08
1.9999,1000,100,"loose",-1.00000050002909e-06,100.069101416837,"mixture",129,1.14966585229581e-06
1.9999,1000,100,"loose",-1e-12,100.069101416837,"mixture",164,6.69963688793018e-06
1.9999,1000,100,"loose",-1e-30,100.069101416837,"mixture",240,2.20235404384539e-05
1.9999,1000,100,"loose",-100.069101406837,100.069101416837,"underflow",295,7.65822960602236e-11
